jdemalchar0,edinsdale0@github.io,qO5I8HQGj,+256 (146) 523-2724,6373272203378121
rdigwood1,rtesauro1@desdev.cn,2JoDkFXa,+81 (904) 505-1730,4508073579229887
slown2,rtregent2@theatlantic.com,HbjTHcgLEB6,+1 (558) 807-4103,372301764408227
shabberjam3,rglaves3@zdnet.com,NFaJgnYt,,
mheskins4,wsenior4@salon.com,6WnGh80rqnC,+385 (827) 120-7604,5048370410936249
jwilletts5,bpruvost5@ucla.edu,nj3f4s,+58 (830) 111-6739,3556538703944059
hgerlts6,avanacci6@google.cn,VG3WYxME,+351 (761) 232-4370,4175005241731785
jburcher7,cgiovanitti7@hp.com,qYjxut,+225 (403) 715-7523,3570052150746712
ssmeal8,egergely8@miitbeian.gov.cn,6MOwO11n,,
rdallimare9,cbamfield9@unicef.org,XcE814Zfp3g,,
mverheijdena,everlinga@aol.com,1JhrpAwgKiG,+63 (264) 178-9078,3575896316500701
torthb,rstoutherb@economist.com,fhVed3xq,,
magettc,tphillpsc@networkadvertising.org,oq19T2bj,+86 (713) 383-5624,201735210022933
nchicottid,vmccarrelld@hc360.com,zIZrvwjZUyBp,,
bangersteine,vadsheade@hud.gov,Ebw1Q3j0,+58 (383) 260-6609,67597171724901621
nwestwellf,menneverf@cdc.gov,i0yqeBv,+86 (169) 106-8082,3549825327300556
msessionsg,nelisg@hao123.com,QUn5nRl7XTzW,,
csebastianh,aoloughlinh@virginia.edu,Nhhme21Ck9dE,,
yficei,bthorowgoodi@uiuc.edu,oVfZlIY2yb,+420 (354) 929-0657,3581667092790994
tendacottj,groizinj@nature.com,AIV2gvw,+1 (760) 630-5343,5602210847060718
bretterk,rferrisk@icq.com,8pZ4zzF59v6,+86 (835) 382-4849,6759832390498968
nloblel,aseagol@squarespace.com,dXtm2QEuNZ,+54 (419) 167-0574,4041593714306
gapplewhitem,dbucklem@edublogs.org,rjZAh9XIIr,,
tbavestern,cbasindalen@newyorker.com,291qzA4JppN,+82 (628) 611-5286,3543247302597419
cportingaleo,sohogano@facebook.com,u5ekBdAD,+351 (523) 746-1607,3530989792927664
blockyearp,amcgruarp@yandex.ru,hhWHTd3FIQoG,+86 (553) 557-4832,3536731484242216
rhinerq,erobshawq@posterous.com,jLYkiVlI7Y,+62 (569) 459-9296,5100143776683100
aworhamr,marchardr@rambler.ru,76LY0qB,,
rkiddles,sjerochs@networkadvertising.org,Pd47GVgv0i,+62 (857) 212-0449,5602218161824387
mpointingt,jcorgenvint@pcworld.com,B7EuFtm,+86 (562) 755-8480,3529179873656639
ihendonsonu,lwalcheru@google.com.br,amGIA5,,
mcasseldinev,kvogeleinv@dailymail.co.uk,Mj0HUrXjM,+351 (244) 324-6330,5602256505908227
cbouldenw,tallsow@gov.uk,OQMiC4sax7,+249 (384) 223-2405,4286323945197
smalafex,kgettenx@npr.org,WP34BhQF,,
kwarhursty,nliftony@huffingtonpost.com,1i24jqI,+62 (687) 289-8996,3546423941924390
egauchez,rsuerzz@apache.org,ANWlg8xU2,+7 (251) 452-0550,3556596443884142
egoater10,eshawcroft10@hc360.com,kCSCR5bmVV1y,,
flamborn11,nmcleese11@usa.gov,9d0j5RCgG,+509 (168) 337-9350,5602233599740832
svenus12,sgrubey12@yolasite.com,UKdAEK,,
jmeeny13,jcastellini13@bloomberg.com,lVo2t9f,,
rsiviter14,wsewley14@walmart.com,hdG9yEsS,,
elaugharne15,mhouten15@howstuffworks.com,NsUuvn42O,,
chele16,sgheorghie16@cbslocal.com,o9C1IXkELMbG,,
asawkin17,fgavaghan17@craigslist.org,e46o7hXIYe,,
htrinkwon18,csuddards18@facebook.com,d7Rwmyni8,+850 (499) 142-4033,5602240064930731
wwroth19,dsweetenham19@behance.net,OfL0hpqj,,
abucke1a,jspohrmann1a@slashdot.org,Bspuv9Y,,
tshrigley1b,jseden1b@digg.com,ZP51ZttJ,+356 (352) 646-7002,3547910485184034
amuglestone1c,hbrettor1c@vimeo.com,ngIZAU,+84 (195) 956-8800,3567609592872003
rwray1d,sfort1d@storify.com,AjfSEQD,+48 (848) 504-7014,3534130231890215
astaterfield1e,bkiwitz1e@so-net.ne.jp,sBYWaPqhu4,,
jcastagno1f,rambrozewicz1f@pen.io,YNHkqk,+374 (413) 782-1495,30451655082948
ivlasov1g,dshird1g@prnewswire.com,ouKgKHG9JlK,+7 (901) 184-1121,3583182440666035
ckramer1h,gbray1h@ycombinator.com,4LEF0Zzng,,
ckliemann1i,dliebermann1i@amazon.co.uk,7s98bd,+62 (476) 240-9230,3552477268056294
cgoldsmith1j,jdabels1j@pagesperso-orange.fr,1r35GPz2,,
mwilcockes1k,aquinion1k@xinhuanet.com,iEW02UWZt,+351 (778) 631-6623,50208950666255576
ecliss1l,fbanbrook1l@amazon.com,OWWg4qw,+7 (447) 258-9843,50387037989393962
moris1m,kmellanby1m@parallels.com,uFtksqrfN1J,+57 (219) 893-6994,3548199988488444
rsyplus1n,rringham1n@shutterfly.com,vXZwgcXdV,+7 (223) 937-7561,6759854760365727859
bkiley1o,erickardes1o@ebay.com,cRSZLUKdB4eH,+86 (819) 506-0584,3537858822566854
coganesian1p,ggerhts1p@about.me,rXGf2QauI7Ad,+86 (116) 459-4891,4917685388067920
bhalm1q,tgot1q@merriam-webster.com,fzDEUCyP8,+86 (741) 605-6883,67061915557432972
vwarne1r,abosanko1r@bbc.co.uk,hHFi5hDpq1,+30 (449) 485-4707,374288863302351
mfairlamb1s,jmoncreif1s@instagram.com,VlqjzWa6,+86 (592) 770-7650,4911780592350886970
ddanson1t,ridle1t@about.com,07oGTBdaJQ,,
sboyland1u,bkezar1u@spiegel.de,WUL4QiC6o78,,
ggroveham1v,lmacfadden1v@mapy.cz,OroMAUGHw,+66 (649) 618-6608,3543714495108429
ccopins1w,rcarratt1w@discuz.net,6zEd0tAq,+970 (610) 895-4841,3532731825997399
yoakman1x,dsalvidge1x@bbc.co.uk,1ohCwvrc,+994 (208) 631-8392,3576973071274217
agownge1y,bcaswell1y@timesonline.co.uk,dejL33hsqost,+242 (338) 998-5121,3531083286824196
bswadden1z,asakins1z@cloudflare.com,TG3jO5ZCxt7X,,
echomicz20,hpettiward20@discuz.net,B0zaWbiS2jB,,
bgavozzi21,mlambdon21@bbc.co.uk,mRnsNC,+98 (349) 282-3796,060498560492453952
froseveare22,mmissington22@biglobe.ne.jp,1wyO0s08flh,+51 (166) 323-4161,4917659772605009
hrhodus23,jskeels23@china.com.cn,W2ZruV8,+86 (872) 464-9877,3551480356454505
laleksashin24,sbillingsley24@salon.com,qisfoG1N,+81 (853) 309-2884,3559699257858611
ctrent25,jhoyes25@unesco.org,sYwkumQnnK,,
gminero26,mkynge26@ning.com,WCew5u4g,+62 (832) 826-1175,6392122693803780
cblasdale27,plevermore27@delicious.com,Q6ffzqnEb,+86 (266) 688-5743,5048371004461289
ncockshot28,bferroni28@columbia.edu,PDlScf0X4d3G,,
tfidal29,vrowlson29@washington.edu,xD44nOq6,+1 (602) 874-1176,201671194144064
grolling2a,aalanbrooke2a@redcross.org,GmqrXghw9S,,
mtillman2b,bbentinck2b@over-blog.com,NrjRGHgbeo,+51 (270) 601-1756,6378214358052296
amacleese2c,rcoupland2c@issuu.com,Nby1nhgTRXCR,+86 (911) 721-0309,6304003935354344
tbottlestone2d,jbleyman2d@wikipedia.org,og7i9absZVWB,+1 (301) 459-2999,4508139578960697
eseebright2e,lorpen2e@berkeley.edu,b2Bp2SsNN4h,+86 (942) 556-8127,3578271687142201
lkolodziej2f,faronsohn2f@java.com,ypbpn5CRpF,,
crowlands2g,wmcgeoch2g@yelp.com,4gZkrl,+63 (710) 920-5206,5641829786470951
rgolledge2h,afairlie2h@spiegel.de,yG1vnWufR,,
ospollen2i,mstede2i@ycombinator.com,YOJPgwQ07,+7 (839) 759-6374,5002356541626241
saymeric2j,jdomleo2j@latimes.com,nI3QEq,,
fadne2k,tmanneville2k@xinhuanet.com,l9wNSbM,+54 (390) 267-1829,503850917989564447
lguttridge2l,dflaherty2l@kickstarter.com,fMEViR,,
aaluard2m,chellwig2m@wikispaces.com,4ilwB84O,+86 (538) 185-6354,6331109849074759534
ogrolmann2n,eterne2n@hatena.ne.jp,GnzAyO,,
rgunston2o,gruxton2o@feedburner.com,S5eIXb,,
hlainton2p,msandyfirth2p@taobao.com,fPWQtFU1vI,+372 (170) 365-4393,5108756515456264
podegaard2q,gjohnke2q@wunderground.com,4qPoDyZuUgEo,+385 (704) 586-7876,5100131306025330
bibarra2r,tvyvyan2r@phoca.cz,QkerhM,+7 (166) 583-0072,4405680129763712
zlynas2s,aharmond2s@europa.eu,HvOVrNWSDJ,+98 (917) 171-5898,3566300946374901
crothermel2t,ljoska2t@cam.ac.uk,7YEl0Tv,,
cbonhome2u,amews2u@umich.edu,kM9wDB,,
kcarnew2v,apagan2v@intel.com,0gNXuSa,+49 (617) 404-1982,493666301561615240
rtrumpeter2w,ddik2w@utexas.edu,QlSaZTEKt38N,+51 (625) 538-2162,30584259436407
mgahan2x,dsankey2x@csmonitor.com,et4rShsp,+33 (917) 141-0756,6381494232714114
smiere2y,fmaccaig2y@house.gov,ixUrDUl,+86 (436) 261-0978,5108755050968097
cjandera2z,bdorkin2z@answers.com,JlPS1Xve,,
bgreensmith30,hsteely30@sina.com.cn,vvuJlJuTb,+598 (722) 644-7627,345062465505943
conolan31,stompkins31@tinypic.com,VVj9iQK,+62 (258) 543-9207,5602241826955867
erubinsky32,lbarthelet32@shinystat.com,bGmqFoi,+86 (487) 838-9045,374288690350508
carchambault33,vbonett33@sakura.ne.jp,YYb2T3JkT2,+86 (247) 141-0453,30209690445565
ibarrows34,esecombe34@so-net.ne.jp,cYNgH8n,+33 (321) 173-8548,30580853450430
ctwittey35,tpearl35@github.io,2WT3O4,+86 (630) 328-7334,3565646957595953
fgrout36,cbrownsall36@vistaprint.com,kGxLnKL,+63 (438) 705-4968,3529729328533096
fcivitillo37,dcritchley37@ted.com,enFcGoCjjtE,+86 (994) 841-3916,3541288995466639
ndurham38,wmcgaraghan38@census.gov,2efsPPpz,,
fcarabine39,ebiermatowicz39@salon.com,mTjmwr,+351 (233) 411-3789,3582331872483812
kpattesall3a,wbandey3a@last.fm,gcCapWBJ2,+63 (820) 123-8758,3572470858771691
demsden3b,ykochlin3b@wisc.edu,37FqT4ak4wCQ,+86 (873) 515-2561,30300731667760
wsobczak3c,mmuffin3c@zdnet.com,Zy6Vw3V,,
mwimms3d,fmclafferty3d@ameblo.jp,zo3nYm9KaAo,,
mruf3e,jguare3e@diigo.com,2f6cVbI,+380 (400) 833-0013,3570328237519896
lkingham3f,lbolan3f@mac.com,xsUKm0kX9Yf,,
emaclennan3g,cforseith3g@ucoz.com,Ovfz5IzKf,+86 (727) 671-4824,5038575510409739
oferrone3h,jselkirk3h@prnewswire.com,CwJ0PrBaMQAz,+48 (620) 909-0835,6334690674262375
amckag3i,tcampsall3i@is.gd,Ceorg80cr7dv,+86 (369) 293-0802,5602225176380511
iellingworth3j,rpowdrill3j@flickr.com,lQEcMQoVKeen,+355 (589) 597-1362,4917690336055076
lbento3k,ahostan3k@clickbank.net,Rayb74bU,+81 (125) 183-8561,5313836052890413
bvondrasek3l,bcaffrey3l@loc.gov,nLRn3Gac3tIf,,
btretwell3m,cbrendel3m@i2i.jp,taWTGDVOl16,+30 (764) 390-4970,3556103100536105
adommerque3n,amillimoe3n@amazon.de,YwSmBRljq,,
lshepard3o,jneno3o@nationalgeographic.com,jwr6Ks,+7 (294) 809-3046,4508165282187558
soroan3p,smattinson3p@wix.com,6M018st7xz,+63 (239) 332-4368,5007660921226935
rjosephsen3q,bnewlands3q@businessweek.com,HawTMBop,+381 (894) 797-4705,3564057407073867
frigbye3r,greimer3r@hc360.com,eNnrXFYCj5s,+52 (371) 369-6837,5048379579277196
obore3s,mparysiak3s@reddit.com,GQrd94e,+86 (874) 930-2461,3573690080250433
morrow3t,ghake3t@bigcartel.com,oodPnLUF3,,
dbillitteri3u,rludlamme3u@google.ru,XbNGkFD,+30 (970) 691-9038,6334046523968433
omarchi3v,gredgate3v@youtube.com,kgnKThG,+86 (576) 738-7152,56022182815906849
hhatt3w,rbeauly3w@blinklist.com,yBEOumS,+55 (449) 341-2316,3589145895257182
ltomowicz3x,cdoogan3x@ehow.com,zbJrP8,,
asinclaire3y,hcheal3y@google.ru,lrJZaOji,+52 (924) 117-9777,372392773263018
htong3z,jcallard3z@behance.net,EeyIywoyJAS,,
mgiraldez40,bpetti40@imdb.com,yoyuhU3Jz,+62 (725) 382-3957,5418996624522193
asiveyer41,hsogg41@comsenz.com,Xk25jOwKuN9D,,
alangtry42,zgilfether42@trellian.com,g9M90Y19mP,+55 (526) 905-6420,3532015029983060
jfieldhouse43,mmcquaid43@quantcast.com,bClyx39,+63 (232) 952-1939,378830232052187
ltrodden44,agrimwad44@amazonaws.com,O9O3FoX7x,+62 (890) 718-8199,67614371628528673
kcoltart45,lsandels45@eepurl.com,mTnCvwZSC8,+30 (712) 609-5516,3589458640142322
ntamlett46,nmoreinis46@live.com,EOdOAu,+232 (205) 896-4923,374288878014082
llonergan47,kbirrane47@google.ru,Ohup4t,+1 (930) 691-4815,30197662970258
astrut48,hgrishkov48@whitehouse.gov,Xppqxu,+7 (987) 344-2086,3556026061532914
mshewring49,dspreull49@nydailynews.com,aIjPX00ibmi,+36 (792) 595-0548,374283024925679
amarmion4a,pmundford4a@vkontakte.ru,L3vVGyuMIk,+86 (412) 304-6539,3555965057352293
aallison4b,sheynel4b@telegraph.co.uk,0uen7Lb1,+353 (898) 833-3668,6763944577583488864
lcosti4c,hgiovanizio4c@123-reg.co.uk,t5blJP,+503 (903) 982-7298,3566487337394943
wkevern4d,lhindrick4d@hao123.com,ctOaOjbUke30,+972 (352) 538-3216,3571008986827653
fsiddaley4e,sconahy4e@google.ca,HttwyehZk9,+57 (101) 421-4215,67618494580852927
kellingham4f,eskinner4f@mit.edu,qGxtlWvBKN3,+86 (592) 519-3703,3542283420623234
mocaherny4g,embarron4g@topsy.com,a9LNoe6iWNpt,+52 (520) 421-7436,5641825173477252
mcrisford4h,bdonaldson4h@w3.org,gpEHnb6S5a,,
vpetzold4i,dhenrique4i@amazon.co.jp,jZxfycXJS,,
hjurkowski4j,scuxson4j@patch.com,qzZz2tHVhOq,+1 (176) 962-5703,6771224302514561489
aweth4k,hthorneloe4k@stumbleupon.com,gAIpXGkg,,
wbatrop4l,bdehm4l@stumbleupon.com,CpC5a1rClq,+86 (804) 194-3901,4017951262625
clydall4m,hbielfeld4m@ucla.edu,WPxNaIyL4,,
jthorrold4n,nmaile4n@tmall.com,72IX2TI,+52 (399) 122-5719,3544060076366484
senric4o,mdenacamp4o@kickstarter.com,6TWSCS,+237 (877) 925-7302,67625717671758582
canger4p,gforsythe4p@arstechnica.com,TuXDYb6,+86 (606) 941-9296,4508524228022479
ksilveston4q,eoculligan4q@google.ca,0KrllRi,+63 (384) 334-8990,3548131789204357
bdoore4r,emeriton4r@usgs.gov,QxoWlLVuW,,
foliveti4s,mcesco4s@opera.com,5Nd0peF6qA,+46 (386) 168-8035,3567369946212071
efriedank4t,amclewd4t@sourceforge.net,91HuXs99xz3Z,+591 (831) 776-7591,3536758286252325
cmerman4u,gricharz4u@privacy.gov.au,NWT5DQsyCA9,,
bsanney4v,wjessep4v@unicef.org,OnbxRZycvx2d,+46 (947) 522-2925,3563218308404921
mmillhouse4w,rbudnik4w@globo.com,RSZGkx8oA,+44 (646) 404-3777,560224144279136666
rsweynson4x,cianetti4x@hp.com,zpxIjWTeH,+48 (312) 111-7326,3542811924613408
aderoche4y,iroostan4y@netvibes.com,P0HV1GMuvj,,
pdecastelain4z,lseiffert4z@un.org,isONnzDVyU,+357 (595) 979-5826,5100138446964518
ssellen50,dmyrie50@engadget.com,b0u55KT8c,+27 (128) 553-2301,501818077285055296
bbockler51,aabdie51@webnode.com,H2W8o9aRmlA,+58 (176) 606-1874,6397179634928261
aullock52,rbarracks52@netscape.com,RV8ebvU7d,+420 (280) 138-7365,4017958594863
wdevoiels53,imilch53@yelp.com,9Tq8SEQJOw,+62 (155) 209-2428,5048376583061368
jmelan54,tduckhouse54@yellowbook.com,IzdbV8F,+351 (711) 598-0518,374622713629391
bketchen55,velie55@auda.org.au,NdmRyFTxPU,+52 (476) 446-3851,3588008981680249
hferneley56,kbennen56@un.org,TWL5ez,+62 (854) 136-5597,6771716766035115535
swebby57,jcarletto57@cnet.com,ELoLO8,+63 (738) 919-5567,6370146489044958
pweavers58,tkiezler58@4shared.com,r9QUsffR,,
meisak59,brays59@sitemeter.com,HkytIimrA1ru,+53 (816) 491-0886,3568158897481085
lsagg5a,svezey5a@slate.com,ISw3wt1p9,+54 (248) 335-3857,670908780750721862
gspehr5b,teakin5b@shinystat.com,QSdfVy,+63 (930) 987-0022,6761765277152421
mgallihaulk5c,bjosselson5c@altervista.org,CmRuTYfk6,+86 (529) 203-8911,3582824403753059
fharmston5d,hchittleburgh5d@nsw.gov.au,dBlFOV,,
ahatter5e,njeratt5e@51.la,PZPzh7yEf9,,
cpindar5f,dcalbreath5f@behance.net,TL1bJm9RC,+86 (956) 378-0307,3561835087676403
isonnenschein5g,drandlesome5g@stumbleupon.com,MykVUbY,,
abeen5h,rhounihan5h@nasa.gov,Bc1l4Tmp,,
egately5i,lshimmans5i@archive.org,CXVZ2su5d,+63 (431) 285-0300,3568134728933297
mbaldelli5j,egraveney5j@posterous.com,kf5HoVj4,+48 (498) 445-5127,4826865208868737
bgullane5k,jgarthside5k@godaddy.com,2DeKTzM,,
shebborn5l,lscoffins5l@hud.gov,jZhGKkpd,,
ltripony5m,enuccii5m@digg.com,ELFol0FpNI,,
pwidd5n,rdawltrey5n@qq.com,UWKWkrv8,+95 (917) 603-4865,5048376666913857
lgreenhall5o,mmactrustrie5o@bluehost.com,K9YtXgHkYV,+389 (190) 431-9546,3581475632638669
jmurison5p,cgourlie5p@europa.eu,vLFWJJ1,+1 (483) 297-4928,201819320186737
atoffano5q,hloveridge5q@craigslist.org,LLcPhy,,
fcatton5r,okamiyama5r@tamu.edu,Ajf8J7,,
lcusworth5s,mariss5s@tumblr.com,I8gKMSZnYNTw,+64 (700) 380-6767,201562782910232
ipidgeley5t,tlathwell5t@jugem.jp,6kHYfHI6kfB,+223 (557) 478-9937,3561830449840144
mpettifor5u,fheskin5u@arizona.edu,SAqmVbWcQ,+81 (880) 642-0048,30192620959725
djirasek5v,cfrostick5v@eventbrite.com,lkzIu3R8o7,+48 (175) 565-0156,3536050593353644
dmabb5w,chorsted5w@princeton.edu,KrIjrDO,+82 (840) 557-0676,5100139128125741
kcaudle5x,mgirodier5x@upenn.edu,6PTP0Op0,+49 (853) 982-1141,5641829910697339
nlodemann5y,cgetcliff5y@cargocollective.com,X99oF5Xh,+62 (107) 559-2220,3547238558165742
dvigneron5z,scahey5z@creativecommons.org,xUB0glGt,+7 (242) 623-4440,6763114379272642297
eeilers60,escanlon60@scientificamerican.com,wI5Gpy,,
erangeley61,nrawson61@multiply.com,17ysHr8WFSs,+84 (575) 955-8609,490550968580636798
bschlagh62,lruckledge62@ezinearticles.com,LuwrhPQ6x,,
dcadwallader63,djouanet63@pagesperso-orange.fr,y1fkap,+389 (343) 196-9334,3541319106526142
cannets64,reggar64@last.fm,LOuPdi489L,,
jbellany65,akeyse65@usa.gov,WdLnhRcWRh5,+86 (219) 809-0323,4936732698158049731
manfossi66,idryburgh66@epa.gov,vC60TW,+353 (433) 580-4179,3560975395310633
toneal67,bcowap67@biglobe.ne.jp,rEeYnV,+54 (573) 491-0894,50182515866177118
rdenton68,nnurden68@parallels.com,uTiDZ9sC9Xa,+62 (804) 831-7754,4905625965189232726
torr69,vdoyley69@topsy.com,samcTNdA,+976 (753) 547-3996,6370992440880406
oklaffs6a,bleschelle6a@pagesperso-orange.fr,GkKZlElj,+62 (299) 367-2803,5602227379229800
lsissons6b,tvasiliu6b@buzzfeed.com,PrniMsgb,,
jmccroft6c,rdanilovitch6c@senate.gov,V9a2qrc,+351 (401) 859-7980,6333226156069110
iwonfar6d,gmckinty6d@ebay.co.uk,TKl0PfDOM,,
rpresnell6e,mthicking6e@hao123.com,odpcM5RQ,+46 (116) 920-8373,6706607807027995266
ttrillow6f,esutherby6f@e-recht24.de,LSQkiwv,,
zhynson6g,pbranigan6g@naver.com,G9AQvt8nU,+27 (787) 256-0621,3589033184920035
nmardall6h,akarby6h@zimbio.com,mI3WUaIX,+93 (148) 864-8608,3551428534424791
dalpe6i,pleabeater6i@scribd.com,s5PTxWA0n5,,
kbeel6j,abru6j@t-online.de,Raq0exnlLubX,+86 (215) 758-4182,5018700313022850413
memsden6k,adenford6k@com.com,vzMoJ1WC,,
csparshett6l,iinston6l@harvard.edu,cYwVmn5u,+976 (551) 934-4265,5602232664642980
phoward6m,gholleran6m@ameblo.jp,EMScfz,+7 (717) 708-4814,6374017006293483
mlowe6n,fpopham6n@wired.com,qRpXZevBS0U0,+358 (179) 170-5831,374283162069256
lhearne6o,callsopp6o@flavors.me,x6xVon5rV7A,+98 (791) 682-2315,337941339550997
ghayley6p,rritchley6p@canalblog.com,IiSo6Q1aRXB,,
jnuzzetti6q,clacase6q@biblegateway.com,WMJWHMBhOA,+358 (816) 781-3230,491161061658872559
hbrent6r,gmossdale6r@imdb.com,k0j7lEKa3z,+33 (469) 404-7034,3588128709420403
njagiello6s,kvaggs6s@miibeian.gov.cn,vfebqj,+228 (578) 105-9586,30250878544274
mbirckmann6t,gthombleson6t@foxnews.com,TmNLVNqSs,,
morgel6u,tcampagne6u@123-reg.co.uk,O91NL4,,
mropkes6v,bchallener6v@bing.com,um8X1KdUa6,,
mswindin6w,vaiston6w@naver.com,uiBlp1A,+7 (273) 337-2957,5471691016694304
qbenedyktowicz6x,cmussett6x@dyndns.org,HzdzH4vd,+31 (975) 843-4485,3566041850054614
nhymans6y,cgermann6y@businesswire.com,xSPNDeAK,+86 (144) 785-7901,3571296977329330
bfaragher6z,dbattell6z@spotify.com,EzAcc89YbQja,+7 (921) 988-1867,3535151733119985
cbril70,dboissier70@cargocollective.com,dnLVlF,,
apopley71,hpisculli71@sourceforge.net,WiCwucyUmT,+502 (507) 678-0282,201486143007928
kfeatley72,sdufaur72@addthis.com,SYBDp0N,+62 (744) 406-8544,6759128658811590
crignold73,hcoppock73@sina.com.cn,hVY6wH6ZzoX,+86 (357) 673-0234,201727014597624
ldodwell74,kcalbrathe74@ebay.com,CaQGMVx,+66 (519) 373-1443,3548092838423234
aduddle75,jcannings75@youtube.com,koD5guaVUiJ,+55 (165) 954-7715,3589912546760959
wsmogur76,pjosephsen76@wufoo.com,0rZDJd9TU,+1 (416) 804-2690,4911227143732427
tlopes77,hdevons77@rediff.com,D8gH2v6S,,
hgherarducci78,ghague78@nasa.gov,d5z8PGq497VW,,
gblaszkiewicz79,aottee79@de.vu,da6zSSia0,+970 (755) 975-8090,5281292894097437
bbason7a,mvyvyan7a@slashdot.org,R3xTsJ0rx1w,+98 (670) 150-6576,0604846573320914
rbrettel7b,stallon7b@redcross.org,Yy0xfPIK,,
nhartley7c,mspanswick7c@state.gov,3J7TuNgActb7,,
ttutt7d,lgemnett7d@nasa.gov,SzdlPpUKVr,+98 (370) 531-4625,560225275189826019
gadnam7e,plamont7e@deliciousdays.com,ii6DZhdI6Bq,+46 (611) 991-0358,30404285424758
nderkes7f,hsewell7f@toplist.cz,45dV6W,+63 (181) 229-9558,5100170719531567
callingham7g,cnisot7g@mail.ru,Dy8H3NvB,+86 (521) 770-1046,490318328476291344
eeard7h,ewindebank7h@angelfire.com,XSvYnRBhwoQy,+62 (369) 910-5089,337941152279492
ahuerta7i,ctansley7i@t.co,LgDkSnVTG,+1 (816) 278-9829,4913265574392335
gmarshfield7j,athirst7j@pbs.org,xP89uJrL,,
agoodisson7k,ababington7k@slideshare.net,Sp7VE93eiYt,+261 (889) 633-4291,5461966027137374
lstrang7l,mbrummitt7l@msu.edu,P3pVF7wF1,,
hmcghie7m,ihattersley7m@imgur.com,B2B9HiewKOJe,+51 (930) 279-0911,6706224568129898104
sbennoe7n,avalasek7n@intel.com,X3zWLgWg0etk,+52 (846) 420-7126,3554618518126373
jsallings7o,tbeecker7o@usgs.gov,Z01rra5,+84 (357) 831-5904,6304168206170446
mmaulkin7p,jpaolino7p@imageshack.us,orGpptPp6,+63 (969) 156-4509,3568538894436002
aabadam7q,kcrosio7q@ovh.net,s2bRGHSMl,+93 (152) 626-0421,3585231384391585
kgeorgiades7r,lmorman7r@pcworld.com,1iGppTHM,+420 (259) 375-3900,560225491291951716
cgutridge7s,aprocter7s@apache.org,VtcgCbUcWJa,,
cscruton7t,ggarfoot7t@pcworld.com,PYrWBgxv2S5W,+7 (965) 597-9005,3577109904979180
gorbell7u,hhelin7u@marketwatch.com,OXc1yrRmcb,+81 (161) 861-1537,3572962186622091
skillen7v,sfortnam7v@usnews.com,6uPmLkfvliX,,
wjedras7w,jdagon7w@pcworld.com,PUxoDV5,+261 (436) 870-0185,3531138426803474
aleipelt7x,tsmellie7x@imdb.com,FymR6KA,+298 (715) 315-3997,3560721038907272
gporritt7y,qyakovich7y@japanpost.jp,RJWlapB0e,+62 (527) 541-3972,3569769755160782
mmatherson7z,kvolleth7z@usatoday.com,EiOT6xCb,+66 (563) 274-2971,560224035845380814
vdidball80,zmunks80@unicef.org,F9YDhxHb,+689 (456) 423-0722,5602249773748987
gfrisby81,awellstood81@sphinn.com,Fi504vYxBF,+355 (881) 712-6307,5583917878711786
ccolten82,trowney82@vkontakte.ru,WCZEY4kol,,
acicullo83,cskilton83@cbsnews.com,oYFOiWp,,
bwoodison84,beyrl84@google.ru,QFHLRwOsGgUH,+86 (520) 629-4023,3568302068727922
kklagge85,eromushkin85@shareasale.com,v3WOgiQbTzkK,,
hsporner86,aotuohy86@umich.edu,yMbjWfNKe,,
pmil87,ddiwell87@nytimes.com,uCbUQjWklA,,
fstrotton88,estanwix88@hatena.ne.jp,6QjMAj,,
mmartt89,amaghull89@vistaprint.com,8Yqojk1wMCEx,+380 (571) 571-4207,3580551183155484
nhowison8a,scanas8a@etsy.com,TNSSmcuK6BoH,+380 (356) 645-5600,3554154929645520
kexelby8b,ekoomar8b@cnet.com,un2HW383,+55 (913) 730-1966,5602257170920976
cklaessen8c,mjimenez8c@timesonline.co.uk,BQu2PuH,,
blambird8d,jmcvitie8d@over-blog.com,V8oI4K,+56 (979) 265-2196,3563320843650875
aaggett8e,dgreasty8e@w3.org,E95RXco8xmr,+62 (644) 798-8972,3528305232357186
sleatham8f,llenormand8f@pen.io,yAehZZ59YW3,,
kcaras8g,eharnwell8g@home.pl,Xj6VVRfnOg,+62 (450) 243-3131,3570692546030964
celiot8h,fparham8h@wikia.com,LryVOLd,,
gdalessandro8i,ssexcey8i@naver.com,IuCKqFNSmp,+86 (967) 527-8062,6333199217561807
fcadwallader8j,swilne8j@cnn.com,918fznUnbw,+48 (264) 356-2454,3557777194260646
pbourner8k,ltremayne8k@soundcloud.com,coxv2gHm,,
dgouny8l,rgillet8l@issuu.com,mGWftUshv,+31 (438) 602-6406,560222310633858202
emosedall8m,mrivett8m@nifty.com,0i21ZmWjIO,+420 (383) 561-0246,3543749148464142
gprozescky8n,bhylden8n@amazon.com,uMY6RvLhIE8,+7 (480) 458-7688,3545123860210075
diwanicki8o,tamery8o@reddit.com,B89C5ePdc,,
qkightly8p,mmaccarroll8p@feedburner.com,T7XUi8jYVulM,+389 (284) 605-0411,3536652746450274
flonsdale8q,mcurgenuer8q@tinypic.com,4EPUKbD,,
acribbott8r,khutchinges8r@soundcloud.com,cxlNL4,+351 (107) 364-4527,201485770488393
dmarchbank8s,tpoutress8s@whitehouse.gov,zR4CpI,+1 (449) 147-5005,5602211188368728
fgaskamp8t,gjobin8t@ed.gov,41T4AVCLoeD,+95 (284) 461-7083,5602251792776601714
bdurham8u,megginton8u@bizjournals.com,HYSJlj1,+880 (532) 334-4736,3584486244079546
mwyper8v,krapkins8v@ifeng.com,hhzRmhW6XC,+55 (330) 885-0811,4911853284636661
kscoles8w,bmedley8w@mtv.com,ErVydBFdh,,
karkwright8x,wbalm8x@dmoz.org,y9zillKDqsw,+86 (319) 446-5328,6767831878627759
kdeme8y,gbruhn8y@amazon.co.uk,hngz6q,+86 (439) 150-6243,3563343529508688
kedling8z,cantley8z@youku.com,IXiflDy1Do4B,+7 (669) 114-6397,5002352571570268
ganthoin90,cfewings90@woothemes.com,2dgq1q,+1 (606) 363-6806,3537667892608631
edorton91,gmargetson91@netscape.com,dNHxHnJy,+63 (358) 531-5024,5589756724409805
bpicker92,gruffles92@dion.ne.jp,ua4v4ss,,
nchilders93,aantoons93@sciencedirect.com,0KVNXD9aO,+352 (753) 421-7405,3579033267692560
lmacswayde94,rwilleson94@yolasite.com,7ke7RWQtMYnt,+86 (225) 721-8445,3575203780157359
khunnybun95,cduchateau95@nature.com,CQDhIzP8M,,
cbemment96,drawson96@stumbleupon.com,8x9JdIcKa,+351 (232) 546-2858,3542469929573604
bbentley97,mbagger97@networksolutions.com,d8Z5jO,,
nsinnock98,pmackie98@msn.com,cJjiN1nq,+7 (395) 678-7067,3551260908761833
rtrehearn99,kruperto99@oakley.com,zdKyOfDlS,,
gmacy9a,jhuonic9a@nydailynews.com,Uq7rdgqT1ksX,,
lledwich9b,emaxworthy9b@dion.ne.jp,1NgeUo3O7xZ,,
aluckie9c,woldfield9c@purevolume.com,hTACcS3,+81 (532) 645-1132,3587657074086960
jwordley9d,bwomack9d@ted.com,IDD33TZ,+86 (107) 388-4242,6334379941000197173
hroscher9e,bverman9e@auda.org.au,PVB9YichNKti,,
mchard9f,dbankes9f@theglobeandmail.com,uvxmTEYder,+86 (496) 113-5689,4175007320172451
spiele9g,cjeaves9g@angelfire.com,hGz9nTnL,+55 (778) 457-5562,3583431744046331
ssharpous9h,wstoner9h@merriam-webster.com,0ypRfN,+62 (669) 572-0057,4175008446003315
imacgoun9i,hwhyard9i@flavors.me,hcowkPvMzw,+86 (972) 456-5466,5504354200866391
fdory9j,amccaughren9j@usa.gov,WU4NWbQ,+63 (933) 326-5081,5483395594520362
fpetrasch9k,cfransman9k@mac.com,gdjGh1FyDx1,,
abeecraft9l,blindsley9l@mit.edu,V8m8zJ2rrD,+375 (546) 601-2447,3537636904202535
esimmans9m,tleitche9m@devhub.com,yT29lBonb7,+63 (809) 202-2021,5610606986359607
ksizzey9n,rwhales9n@harvard.edu,oCqMT9Aom,+62 (851) 514-6264,5480713649567100
dsandels9o,sgiottoi9o@opera.com,ZF3wOIPA,+502 (473) 533-6087,3542843870545375
ltaffs9p,ltaysbil9p@dyndns.org,jzz07f,+86 (122) 427-6834,3572658108835247
jcomizzoli9q,bfante9q@wikispaces.com,KGzWSwrSRq,+223 (350) 451-1124,4405815698978446
yfrancombe9r,efullerd9r@ftc.gov,X1TOvcPKDI,+1 (260) 281-1474,56103558805626236
ehavesides9s,rgodar9s@typepad.com,V1DUDcZeZo,,
jrodgerson9t,imcmeanma9t@yelp.com,SW7bce,,
lmcconnell9u,lollie9u@163.com,EvVxmfqTg6,+63 (896) 873-7993,3574553979294095
eclampe9v,pandreassen9v@mozilla.org,h3o2wI,,
mjandourek9w,smorcom9w@newyorker.com,jriMhGhWVeOj,+63 (829) 519-7882,3585372573778131
aaimable9x,welmar9x@amazon.co.uk,fC0AP3BN,+1 (500) 114-8857,3556454029113025
cailmer9y,hemsley9y@jugem.jp,AtmIU9D,,
tscolding9z,bknowller9z@squidoo.com,ZNTEasm1yiZY,,
rmcclaughlina0,agreedya0@theatlantic.com,yzf9B8z,+351 (701) 905-7879,5100176311462663
clighta1,cgaylarda1@goo.gl,EfHvSmJ,,
cemmanuelea2,mchoulesa2@google.it,ctaJ4Z,,
cdunstonea3,mdoncastera3@fc2.com,GJPdvztC,,
hrochforda4,pivanitsaa4@uol.com.br,LzGxapoGq,,
ntrevalliona5,kclappisona5@acquirethisname.com,Z2aCCz3Ak0Tv,,
ecookea6,cbrusina6@addthis.com,oosfEM5i,+375 (996) 779-5893,3537443234567673
mabbya7,hsimeceka7@tuttocitta.it,prdFF4lp,,
ssandya8,gmildmotta8@parallels.com,bh8Wh11l,+63 (522) 206-2811,30154528138000
asineya9,nganleya9@diigo.com,vnfFS7vU7,+81 (521) 913-9132,0604581777628552
gjancaraa,kbonnifaceaa@tripadvisor.com,LKqkPxQKrXS,+63 (767) 944-2986,3572823214995059
llovingab,rlearmonthab@google.co.jp,J0pn4Qo5fP,+30 (854) 271-2534,3572609420175630
gmcelroyac,cblenkinsopac@dailymotion.com,7ZBTTgvMHuyR,,
brigardeauad,tbalfad@zdnet.com,m7vExOW7Qct4,,
rtowellae,dsyddallae@vkontakte.ru,iiKZTmDFxJhg,,
mnovisaf,grhuleaf@blog.com,aX1vvTm9c5Li,+86 (726) 484-7810,3565575199400278
gwhimpag,clumoxag@topsy.com,anM0NCaD,+86 (323) 314-6455,3583418063212842
kquakleyah,hshapiraah@paypal.com,1GPU3dbj,+977 (330) 494-7246,3576324120808326
kpoulgreenai,kmaricai@europa.eu,JItwbtQKvTzB,+374 (241) 657-4410,6761228859731013674
tcurnickaj,jbewlayaj@timesonline.co.uk,MkvWM841M,+86 (347) 584-0565,633110612742765941
djeyesak,lletrangeak@stumbleupon.com,bMDNysV,+359 (293) 516-3376,67095319104044465
mscheual,jdingal@nationalgeographic.com,aKdhLWx,+1 (254) 536-9291,060462876431618931
kspinckeam,erusewortham@biblegateway.com,wysCLaGrAA,+86 (157) 668-6492,201861736096076
rtraysan,cguerrazzian@wp.com,xDAXndRGaNb,,
rbachao,kploverao@vk.com,rJyOjJA,+7 (261) 686-1707,3573907952849054
imabbettap,dswayslandap@dyndns.org,qtaWTBAVV,+46 (655) 648-4976,5502579558730375
msharrieraq,lshapiroaq@blogspot.com,GRaRlJcKt2S,,
creolfiar,agershomar@topsy.com,ix9lkKGSc,,
cebias,bpashas@cnet.com,UOoKm4BZyJu3,+381 (643) 210-3108,3583091207686427
bmapleat,egrishinovat@webnode.com,eyRkyL,+86 (142) 656-9555,3573368354473045
dbeetlestoneau,vreavellau@yahoo.com,Jl3FdVZCO,,
glanfearav,eciccottiniav@goodreads.com,uYsUWN,+54 (135) 486-6417,4175002093700190
ewinfindaleaw,mbeckerlegaw@wiley.com,bzyeEhWWaHF,,
easherax,lsemonax@github.com,KiPWKN18kFVB,+81 (715) 168-1974,3551572316988521
yleggeay,lmaccolmay@answers.com,pLNbaQ,+63 (848) 811-0079,3547012617190250
cbaribalaz,eeastopaz@oakley.com,ilw0ok,,
lszimonb0,zjubertb0@msu.edu,yUGWwAO,+63 (344) 567-6419,341544952532625
dshapcoteb1,sverissimob1@e-recht24.de,Brb2WHinR,+84 (319) 418-2848,3579927221909533
cmorettob2,asorrelb2@weather.com,SUBLgVDYIM9b,+62 (790) 823-3948,4903091633433186524
lhintzerb3,mneathb3@mapquest.com,PHK4ReZ0EGnm,,
lburnyateb4,kbennedickb4@topsy.com,2Asurub,+63 (213) 835-0669,3583532553305773
ehuchotb5,jbroadburyb5@cloudflare.com,E9Q0i5XDb,,
jcunnaneb6,cgiffkinsb6@arizona.edu,AnAer1g4eLP,,
smckelveyb7,rchadbourneb7@cnet.com,PCrnFXXsmPk,+86 (833) 923-5430,3537506278039690
mkestenb8,gbasantb8@webs.com,i8oRuiI,+86 (287) 653-2845,30130928063501
ewigglesworthb9,klaysonb9@businessweek.com,S1YP5OsT00A,+51 (353) 873-7681,6767076724092957218
ntebbutba,ltremlettba@godaddy.com,3mPE68,+27 (937) 580-0656,3573716988327765
kourticbb,gchadburnbb@hibu.com,K3C5VRjE,+82 (880) 481-6031,370744363419552
craisonbc,adeathbc@dot.gov,f9yEXGDg,,
atalmadgebd,lrizzellibd@weibo.com,yWPsJO,,
lmertgenbe,pouterbridgebe@constantcontact.com,518v0uHcA,,
gjimsonbf,msheadbf@nps.gov,w1U8ca9n,,
askillbg,gfarfalameevbg@blogspot.com,QfD352J,,
tespositabh,jtiffneybh@geocities.jp,4ppuqBLRx,+92 (833) 941-9268,3589713141021973
bclaasenbi,atosspellbi@biglobe.ne.jp,8thEX2s5p2Xx,+977 (329) 714-1899,3546162786300247
sspottswoodbj,kugolettibj@msn.com,AIqyhjiSHwLg,,
mfriarybk,hhannentbk@delicious.com,u77qNUt9AydX,+62 (870) 314-4791,4917149976356831
rboweringbl,agalierbl@sfgate.com,ddYo0rO9bE,,
bnorthinbm,cstrangewaybm@creativecommons.org,OnvlZZ,,
dsindenbn,bbarribalbn@yellowpages.com,J9JvnwW,+86 (456) 667-2903,4017954870716983
dtejerobo,gmclagainbo@github.io,FFWdcFYI,+352 (337) 935-7402,633447678944481078
ddodsworthbp,rarranbp@printfriendly.com,hT5R6NRL,+33 (308) 801-4888,3581700349600540
fwacebq,mspenleybq@themeforest.net,IuiJl7N,,
pkeyselbr,jrosanderbr@altervista.org,B5gWAhcI0,+966 (270) 742-3277,3568532473652030
cthatcherbs,aletrangebs@friendfeed.com,y3Syz5bg,+86 (469) 202-9589,4566205239204400
acaushbt,ngallebt@booking.com,nVXginDI,+387 (862) 879-4906,5100173766220969
mproudmanbu,ktrumanbu@istockphoto.com,D2ZE1G,,
bsamblesbv,tshowalterbv@constantcontact.com,VtV8QLUFdi,+86 (244) 100-3884,676240325060818026
mdelbouxbw,ktorricellabw@hibu.com,kN5yaJ46h6FQ,+46 (574) 198-0244,6371482174381705
jtomaszczykbx,wkinnochbx@constantcontact.com,omw1Qe5HGcix,+351 (281) 574-7209,3585513287366800
sosmantby,bglandersby@xrea.com,RgN85Eb,+62 (927) 488-3443,3580381553235470
fputterillbz,nmacleanbz@sciencedirect.com,TYCnGQBf,+33 (973) 475-6205,372301455426058
jciubutaroc0,mthonasonc0@theguardian.com,fgjA2n,,
dmattiellic1,snellesc1@redcross.org,5ojQR4Wdz8,+7 (621) 932-9872,3560101223008980
cearngyc2,mrizzettic2@psu.edu,TDx1MH,,
scastelc3,wscutchingsc3@accuweather.com,PoByrY,,
bmyattc4,ccarmec4@google.com.br,w2LrXne,+7 (414) 529-7108,36858686320911
abartic5,hpinkstonec5@dailymotion.com,DTnlnR,,
vedgleyc6,dcurrumc6@biblegateway.com,rDXaZC,+52 (758) 428-8733,3548799401203104
srobetc7,wgilfillanc7@walmart.com,7gIs8m,+86 (291) 729-7855,3567013379086426
udugoodc8,battwoullc8@devhub.com,zJERcpMa,+7 (827) 445-0173,633110970498484822
jlantiffc9,rcargenvenc9@who.int,LgNjZY,+86 (882) 594-0122,56022392562807542
mthaineca,nyoullca@icq.com,NoPPRUV,+46 (400) 135-5711,3564855894125243
mmacenzycb,smuzzallcb@alibaba.com,4FrMZaqDp,+370 (993) 877-3233,3550157187388810
flangstonecc,fprucknercc@unesco.org,tSVNHOdJ6HX,,
lgeffencd,cmcgurkcd@sogou.com,o4EXpd7F,+33 (216) 603-8487,6763349512041018
ccaserice,bblenkince@parallels.com,bh2GQUH,+30 (890) 654-3453,30009015607273
hthayrecf,cmcmeekincf@tamu.edu,tBgYdvnlzI0u,+7 (258) 179-5121,5002350341019244
mseacombecg,nwoodcroftcg@w3.org,LncxlTvo2b,,
msedwickch,dphizackarleych@nature.com,QioPWiXd,+55 (501) 561-2713,4175003101486566
ebulwardci,demptageci@theglobeandmail.com,axW9ElSP9qc,,
rmacknielycj,bbaroncj@ning.com,PdEGLZhK7,+62 (399) 868-9688,3558476304029772
bchampleyck,golcotck@weebly.com,b6P6wwoGR,+86 (521) 304-1759,5048373136693151
ecristofaricl,bwhethercl@desdev.cn,0T8whTDa,+63 (787) 725-6365,4017954926267
kduffycm,fmeatescm@redcross.org,J2wB3v,+62 (271) 228-4554,4905570773459852941
nshiebercn,bjaulmecn@wufoo.com,QCTNiz0,+66 (697) 471-8704,372301187534518
dgommeryco,eashlinco@mozilla.org,Yq6ZIT2,+7 (301) 263-9677,6761431068137366
jhueycp,dfearncp@whitehouse.gov,2H3tVgmXgwNa,+62 (204) 617-4096,4041599342078
hbluchercq,mriccardicq@storify.com,Qzl4WOXL,,
pstephencr,bkahncr@indiegogo.com,LMqJaoQc,,
dmcevaycs,acreightoncs@google.com,dOky2M,+972 (963) 107-4212,5251022848282033
hwincerct,tcapeloffct@slate.com,2SOOZovVF,,
chazlehurstcu,sbarnardcu@oaic.gov.au,vAjyqDNo,,
pedgesoncv,tfelgatecv@mtv.com,aIdmgq,+48 (762) 238-4331,5100133550199704
egilleycw,vshowtcw@whitehouse.gov,PmjB6fkhmO,+1 (813) 120-6661,374288139239858
hcasadocx,ebrentcx@e-recht24.de,x0TDSVXNUU,+389 (496) 821-6626,3586603400448830
bconeaucy,kbarkcy@youtube.com,qdHdCw9,+236 (993) 534-3327,4041374702890726
gquigleycz,dbonnairecz@newyorker.com,do7AwwD5GU,+221 (742) 667-1684,3555139326913091
hboostd0,htosspelld0@cam.ac.uk,HN3HX1tZvnoA,+62 (886) 724-1093,3538886990384163
kivamyd1,gjohananovd1@economist.com,8DJdAdqn,,
lveschid2,jstammirsd2@xinhuanet.com,NcGM5P,+212 (802) 424-4452,4917318439349416
bbrysond3,bliddeld3@t-online.de,4ulCtUsV,+1 (346) 356-0936,30357067042075
delmored4,flillfordd4@behance.net,YIv6NUqk,,
mjozsefd5,kchelnamd5@freewebs.com,54BvFGt,+57 (509) 372-4124,5007661179238341
cpettusd6,ahalfacred6@yelp.com,8LkqMgg9mv,+86 (766) 428-1352,676377706343985051
ejunesd7,ngrishanind7@oracle.com,LC3kulOVSxu7,,
obramod8,abredgelandd8@auda.org.au,Vh8qN3G,+235 (700) 951-8165,5108759885699869
vformiglid9,brickfordd9@paginegialle.it,ADkhznJ,+55 (119) 900-5899,5893144823693646247
lbentsenda,blevenda@reference.com,0REx96q,+380 (740) 482-8728,374283359740560
csurcombedb,jsalamandb@privacy.gov.au,9wXPVNG,,
wshawdc,khiggonetdc@homestead.com,fMO95SLy,+62 (148) 131-0423,6333635350389563
hishakidd,bcarncrossdd@typepad.com,lxnuZPDD,,
wcobbingde,aliveleyde@51.la,KNm6biC,+62 (840) 385-8284,6397507380552119
efulksdf,akirvelldf@auda.org.au,HavEsAU8ZTFC,+63 (461) 666-3931,4913126349459611
jorltondg,kfillimoredg@wired.com,ibNx5F,+976 (806) 610-0225,5278288520101564
hwiggansdh,mbrunsendh@geocities.com,dvWNXt,,
dhutchcraftdi,dmarsaydi@europa.eu,d1tOmQBvcpu,+7 (554) 277-3593,3584266217351480
lcuttsdj,kalcidodj@dedecms.com,zYmgMj,+45 (470) 194-2557,5010126681580262
mbullentdk,dbuttlerdk@friendfeed.com,s2VcCB,+7 (652) 690-8059,4365472365434861
mcatanheiradl,smorraddl@tamu.edu,jdIO8QX,,
gvinkerdm,rdevaardm@nytimes.com,fiENFE,,
ephilottdn,sbonhilldn@weather.com,9VbdiBL,+86 (186) 268-7717,4405060524004212
lprahmdo,dangersteindo@pen.io,lHRS2uFfj,+7 (746) 781-4032,56022559542850939
icamiesdp,bfeldheimdp@mapy.cz,apBeqFZVvPpF,+380 (401) 507-0282,675925933315330467
slanceterdq,bsponerdq@jalbum.net,UEOlHI34,,
gchaudhrydr,bhatchettdr@skype.com,rLRQriVUV,+62 (414) 813-7370,5100148511766763
cmarzellids,lgennerichds@house.gov,9zW3TDpWkS,,
cdabnerdt,craysdaledt@bravesites.com,zqLTE9ZRIw,+381 (799) 788-6724,3578128586087285
jkippendu,emcartandu@dot.gov,tN2LTa6XX,+20 (328) 127-5303,5602215256053864
egoridv,mmcgaherndv@illinois.edu,VvcYXcmNmOnH,+84 (128) 376-4575,3570314151502399
rpyerdw,tkidddw@topsy.com,coQQ7mCb2D,+86 (962) 884-5172,677199456890732670
amarcroftdx,bkitteldx@answers.com,5wVkNV,+63 (242) 365-2158,3579861279848360
ryeatesdy,nfrogleydy@skyrock.com,NApWx0V3NJu,,
mbunsondz,shadigatedz@mac.com,V0LcE52,+63 (849) 285-7987,4250727075944
jledure0,nlivocke0@theguardian.com,0hV6FXTn,+963 (923) 290-7504,3572107044095151
hgallande1,jgerkense1@wufoo.com,84qipPYDh0,+62 (238) 731-1024,3530242962257292
agiane2,tegertone2@unc.edu,MIa8e2,+81 (698) 525-3356,5602258642662552443
drycrofte3,thayee3@hp.com,mq7Sfguo,+30 (554) 894-4685,4041371488955798
ostarzakere4,wnelhamse4@ucoz.com,Ri39SNJ37xPn,,
rdriverse5,dedselle5@skyrock.com,PekGaT,,
fredmelle6,hbousteade6@cisco.com,zs8Jgw,,
alavalle7,cguyane7@bizjournals.com,aJa0y7pPGW1v,+86 (738) 692-4543,3570564488351445
vlowriee8,cbisterfelde8@home.pl,bC0hjrFseRwC,+57 (606) 499-8802,341282803155367
gisacoffe9,molyonove9@china.com.cn,eqZ4L7O63N5,+234 (956) 747-8102,3547116109858637
bcampanyea,aodgaardea@nationalgeographic.com,XqIVNAe,+63 (961) 948-1064,6706975190120854
creddineb,hjentgeseb@alexa.com,Blyjeq,+86 (703) 203-1236,5283777071264154
tbennisonec,erommeec@google.nl,vz1MwFw,+381 (870) 541-2803,3540097091752581
mchipperfielded,egantletted@de.vu,9IDzwtSvjx8w,+509 (455) 790-2564,5602252407918455
adrakeee,hfrieee@blogger.com,jmBqrMUFI37j,+86 (741) 999-8749,4913259456658251
backhurstef,nbraveef@addthis.com,3XI9EcIlnd5h,,
bgieveseg,cmartugineg@intel.com,JTDdaSgb,+53 (454) 782-5867,3530699719255442
nboddeh,lbreenseh@oakley.com,VzUOft87,,
ewhittleseyei,xrexei@sphinn.com,IqV7hv,+48 (574) 729-2508,30250375080988
gshotboltej,marraultej@diigo.com,tWmX4rh,+7 (829) 684-3412,5602222954402385
mhainek,dhanwrightek@businessinsider.com,GuH7tWDHFDy,,
jjoerningel,lrosengartel@google.it,FFHpfoc,+351 (719) 232-7748,6763890580019055
wtriplettem,bguthrieem@mapquest.com,4iukXz1,+62 (333) 681-0803,3568723106207728
rmoizeren,mmittenen@tuttocitta.it,PQaGlZt7Jao,+57 (424) 445-4227,6762111672169151033
vtenaunteo,tsiveeo@cmu.edu,3aGB5W,,
rnajaraep,jmcgeaghep@last.fm,ZP6GHHxxH,+63 (796) 227-9395,3588661466635912
jarnkeeq,smilingtoneq@twitter.com,Q9OIZ6UQrE,+258 (915) 912-5383,58938608141637186
glamballer,cridolfier@icq.com,HQd6xSP,+62 (249) 427-4148,3577143773426460
binderes,alateses@prlog.org,8JhkWmJ7,+86 (162) 457-0798,3533809283364838
smatouset,bmanninget@barnesandnoble.com,yTj1wS,+86 (984) 156-5489,4828069723214067
lhissieeu,mkittoeeu@adobe.com,Az27al,,
jreucastleev,sotoweyev@tumblr.com,LyFAvercYBA,+48 (907) 157-4649,3578522666378517
hfearnehoughew,uhallardew@berkeley.edu,26aZBJUOxAQ,,
smessageex,azanettiniex@ustream.tv,DZrlkfWLi,+63 (867) 569-5122,374622719855883
mrourkeey,dcaddeney@addtoany.com,sydBMaNl7bTm,+86 (296) 151-3434,3587610575673133
wdemeisez,hwhildeez@php.net,A0zfeorzA,,
eeaddyf0,lchatenierf0@dropbox.com,bk2oTVw9lXU,+55 (104) 824-3600,5100178102529023
pnaisbitf1,lbloisf1@canalblog.com,FmNsPp8h1Vs,+86 (992) 386-9431,676710883958210210
efostersmithf2,seasthopef2@latimes.com,QPEoPHD2g,,
calgief3,amatusovf3@forbes.com,vkRFbZTkc3eT,+66 (316) 660-4581,6385011094684890
riskowerf4,calyoshinf4@soup.io,6B2UmIznPo,+58 (570) 500-4603,374288497796028
msedgmondf5,rsegrottf5@barnesandnoble.com,POisIz,+27 (990) 852-1995,6331103979800914008
eleemingf6,ckystonf6@canalblog.com,59S1MWeg,+62 (540) 222-1383,5007668746749205
kdobrovolskif7,bwardingtonf7@google.es,5iCzEg,+86 (176) 482-4877,3580044179127162
dmoyesf8,tcomellof8@va.gov,EmaJAg,+359 (679) 380-1454,3530621829504006
ujanecekf9,bduigedf9@earthlink.net,KKW7zlZq,,
mgallierfa,espeechlyfa@noaa.gov,nDae2JMLcye,,
kberryannfb,dwoolfootfb@mysql.com,K0fbCc1l,,
jhannyfc,rscreatonfc@lycos.com,4DObpO2mM9F,,
baffusofd,fgladingfd@shop-pro.jp,iE7ihzCx7x,+351 (312) 275-1234,3540932774188515
tdrayseyfe,sfieldfe@seesaa.net,5Q8Gc4,+62 (497) 911-5484,3564037773960079
cfutterff,dfrischff@xinhuanet.com,woTFTD,+63 (746) 896-5124,3546994734805541
cmclewdfg,cgorriefg@exblog.jp,PpfGYl,+62 (233) 230-0554,3534004043037937
bsmetounfh,jjordinefh@intel.com,oEfqEGiCQkEE,+48 (178) 773-5676,3531971976051536
jmatfinfi,mkinforthfi@google.es,F1rShFbA4,+55 (585) 548-1365,6372349305085183
csugarfj,cwistancefj@dedecms.com,yiURVE,,
cronischfk,lmcgranefk@digg.com,L8PTnrF,+48 (905) 870-6626,5602250019253643873
lcleatherowfl,jboggersfl@foxnews.com,jwbVOM7J0,+62 (939) 248-2788,3551536093650646
lhardawayfm,frenodenfm@rediff.com,0pXoB6EMz,+381 (394) 858-7814,3574434841149801
ccosgreavefn,charringtonfn@cloudflare.com,zkr8qcHel3I,+62 (291) 296-3188,3565143512366658
mmarfieldfo,gbatteyfo@soundcloud.com,wpakWE,+86 (277) 131-4285,5423207994295888
dparmeterfp,gmouatfp@unesco.org,ArBWVgkH,+86 (415) 923-6452,3537136064134230
kgotthardsffq,hmasarratfq@army.mil,6HIpwCHJHZM,,
shumfreyfr,bhessefr@ucla.edu,2ewL0N,,
syurchenkofs,geadesfs@altervista.org,o2xGOAPjg0Zj,+33 (560) 592-2957,3562687595224054
alancettft,jcollcuttft@nps.gov,RwaxFQF,,
smilbornfu,awintonfu@privacy.gov.au,2vjR6ooqIR,,
rsainzfv,nhayerfv@mozilla.org,VRucR8Qpic,,
vwraggfw,aemerinefw@icq.com,PXGxex2PB,,
atymfx,vsortonfx@unesco.org,Nfiuk6WV,+46 (781) 979-1662,4917952986450779
jhallsworthfy,mbeinfy@twitpic.com,SitUw9sv,+55 (646) 813-4500,30596917509037
roclovanfz,dspranklingfz@cargocollective.com,cY3Tx9OrK,+86 (421) 433-0912,3560901106565109
alistong0,gmatteig0@so-net.ne.jp,cneSHC8gXeV,+86 (215) 672-9180,3534290726259431
kbeynkng1,rkoheng1@slideshare.net,aiPLxu,+86 (119) 145-2996,5610223408270638528
pnancarrowg2,lsuartg2@miibeian.gov.cn,f1GZCZM5Zaxg,+66 (102) 340-6177,3573926479430024
abeckhamg3,ycockroftg3@buzzfeed.com,epyVkAbEl,,
bstuckleyg4,klawlorg4@blog.com,JqWUOzNUed6g,+86 (893) 557-0415,3560552033126539
amcwhinnieg5,tkauscherg5@intel.com,vv4xchzh,+386 (553) 893-5325,3569890652621674
toraeg6,asellarsg6@ucoz.com,UJ9ejhoPJj,+33 (321) 491-0875,3557005003890167
swhitehorng7,preameg7@dyndns.org,BDDWmEq,+33 (356) 345-5096,4041599364817373
bpurrierg8,bbaneg8@berkeley.edu,TuD093qeP,+81 (429) 568-5979,3531773327575084
cbettinsong9,lgarrisong9@netscape.com,8i99IDC,+52 (565) 842-1996,4041377697951189
wcleenga,wpeddersenga@yellowpages.com,KnasIz4eYTOo,+62 (896) 518-4512,3550169613874370
nlorenzettogb,lcoslettgb@goo.ne.jp,pv8ASdtdO2,,
ymattasergc,nthunnercliffegc@opensource.org,B1UkjpzHLJ,+7 (222) 685-4555,493618151813239565
harboinegd,hdurdygd@tamu.edu,jrRowjb,+81 (743) 174-8857,501828651021218323
kwilprechtge,wyearnsge@about.me,qqgCL0P1zq,+7 (775) 895-5141,3588620117820133
molmangf,atonergf@woothemes.com,zXFYbbHw,,
ocuttingsgg,rgroomebridgegg@wikispaces.com,LwrcZI,+504 (688) 746-2615,3554221511257210
aantoningh,hpybusgh@prlog.org,T9EisJsz5j,+1 (903) 959-7837,5602221587721500
pnibleygi,vwacklygi@comcast.net,5MJbIrX8q,,
bgoodbandgj,jsalwaygj@bbc.co.uk,yjiOxygiam,+52 (708) 922-1359,5007664741341015
sohogangk,amarlingk@utexas.edu,V5UdRH,,
lturviegl,nsesongl@aol.com,5oMT5sCi,+62 (109) 625-2043,3558174062658730
echeshergm,jmartengm@rediff.com,aMifQw,+54 (622) 551-7792,3563521836172955
sreamangn,lbointongn@google.de,b6Rt4o6Yh,,
jganniclifftgo,hdivinago@arstechnica.com,1zHELQ,+351 (300) 243-1725,3531629356559227
halthropegp,myegoshingp@state.tx.us,0t3U4dd,+850 (119) 964-9292,4917258628954065
rnewnsgq,tpallygq@europa.eu,mw4hM1Cp3sX,+86 (221) 575-6417,201959496747712
pbroadwaygr,abrimilcombegr@digg.com,wUeMJs3VdXkc,+62 (661) 295-4017,3564116205176353
wduvalgs,vatrillgs@linkedin.com,t3jywpo,+86 (477) 611-5889,6334155506831259458
bsuchgt,marbergt@unesco.org,yWa8Nd7U8x,+54 (919) 324-4124,5048372488282035
agravergu,cbaccusgu@eventbrite.com,v7GK69bAxd,+504 (643) 894-0588,5610248573910587806
cgibbettsgv,gkiffingv@ycombinator.com,IaSLtplef8t,+86 (700) 300-1897,6377873037223015
hmalkingw,mdrysdellgw@ucoz.ru,qzWi0qY,+86 (206) 586-8368,5479035674992869
mmcandiegx,wmccloudgx@msn.com,vZks2LMS9d,+44 (329) 507-2040,3566810226736835
ablenchgy,mgrangegy@google.com.hk,eCG8Vn,+967 (298) 951-1252,6304671984894674426
fpysongz,jchanceliergz@wsj.com,67TgA1oW,+62 (294) 503-4191,5403765694824905
rleahh0,ebabinskih0@ning.com,GXMjjo,+54 (392) 242-1116,5100135964945622
vblaxelandh1,rmaindsh1@who.int,qdYO4xJrHO,+7 (843) 563-1908,3578211621847663
imcisaach2,tengah2@twitpic.com,zf6SjkXns,+380 (614) 191-8667,589334269751157868
dtworth3,yderingh3@homestead.com,VGWYcD,,
grullerh4,dsprullsh4@usa.gov,9K1lNE0Q9Tj5,+86 (118) 749-5926,4508166045261227
wwadwellh5,mvasiliuh5@narod.ru,BoHe3W69N,,
kbrigstockh6,bjoseferh6@bing.com,Nnxpxe,+63 (892) 245-1293,676153463597879677
kjirih7,dgerranh7@surveymonkey.com,lHkaxn241z,+63 (969) 473-4139,5048376971373987
ldaveth8,bmcsporrinh8@yelp.com,gy7IcG,,
lsallowayeh9,svargah9@phoca.cz,lRnDhNYJN6N,+46 (800) 807-3159,3577055458189934
dchismonha,wsimha@jigsy.com,JHNTM4,+48 (583) 333-8911,3531290671658077
lcromwellhb,ehulmeshb@amazon.de,xmvhPrQXv9U,,
maiershc,vreayhc@about.com,wOQ8EqjB4p,,
mdyethd,hraggleshd@amazon.de,QKN7zQE84i,+54 (911) 389-4395,6762388557760405811
jberkelayhe,tbonifaziohe@constantcontact.com,JGNIttaVUs1S,+380 (195) 821-4917,342093266944000
smcilvorayhf,abressonhf@acquirethisname.com,KOs3XytXJ,+31 (767) 684-1370,3570993383429305
joharahg,cfranckhg@usa.gov,5YLETlKR8,,
jradbandhh,snewdickhh@163.com,nFK3coklnrG,+86 (121) 398-7057,5100139187110725
drilletthi,shanwayhi@ucoz.com,wOOKy5zx5Tr,+33 (499) 160-4652,5007665964228417
rsleightholmehj,umarpleshj@vk.com,mlaQ4hKryY,,
bsergeanthk,gjovovichk@privacy.gov.au,xV0MQtWk4x7,+62 (323) 562-6454,5048370700854219
ptooherhl,csemeradhl@ebay.co.uk,RXJxXw,,
fbowcockhm,bkitchinhm@wunderground.com,bRtt6yJb,+64 (680) 440-1480,30168532148185
gdragoehn,jshawellhn@instagram.com,19ue3rDV58b,+86 (440) 766-7147,3581746266450294
kastupenasho,abauerho@nbcnews.com,MzCXGZv9tQAQ,,
khailyhp,asurmeyershp@toplist.cz,XFVdRCz,+63 (233) 919-7984,5002353777700725
rbarnwillehq,cjamothq@4shared.com,paxFb8o7xEp,+86 (739) 234-0330,3578338880409685
mnicollshr,pspringlehr@elpais.com,KTctMb4,+62 (824) 909-8866,3579683988767677
cmacrowhs,dstatonhs@mapy.cz,RYvJYs8FUq,,
banscottht,dstrangwoodht@google.co.jp,gfyfPMJV5,+380 (879) 203-1688,370186426856620
vrealyhu,hianellihu@ftc.gov,ejzb5ka3OH,+86 (635) 651-5274,3576483658302761
mrudigerhv,cciccoloihv@wp.com,VTbBd9mQh4H,+55 (941) 453-2139,3552677910707976
bcalderwoodhw,fglantonhw@posterous.com,UucCDCvQa3bo,+48 (272) 471-5413,30215741105942
sokiehx,tgoneauhx@youtube.com,okRZEeY,+86 (296) 262-5241,376764172284850
odoickhy,jkeuntjehy@examiner.com,miAnGFe0ab,+62 (836) 430-1839,30177667259691
jnucciottihz,sclaybornhz@tuttocitta.it,TiBSz9e,+7 (636) 124-9301,3532610305286483
tscaicei0,ddunsi0@ed.gov,9GN58RGRTbjo,+1 (601) 254-0300,5108759166644089
smoorerudi1,lbockmasteri1@dot.gov,KcVnoX9,+45 (960) 501-6433,6334701384568371
mcarrigani2,njekeli2@google.fr,gm6TDsEF,+420 (484) 428-8503,4917297161125717
uropkinsi3,hkenderi3@tripadvisor.com,W8QBXYYq3F,+7 (501) 823-5473,3577138473007321
caickini4,kfrowdei4@lycos.com,RtG6X1SHk,+86 (194) 567-7995,3536948824692880
smealiffei5,tnorthidgei5@mayoclinic.com,RtKOQR6,+62 (685) 281-5406,3572754731773945
sdoylendi6,kpelcheuri6@tamu.edu,IAF8SRXf2,,
gsweetzeri7,aberesfordi7@sciencedirect.com,Wm05XrmdIp,+380 (969) 467-9692,6331104165885838
gparonii8,jdelnevoi8@scientificamerican.com,lzCF0hLbA3eX,,
gpoinsetti9,wyukhtini9@fastcompany.com,fsR4Rtgmm4t,,
cscotcheria,sfranceia@google.es,FVljAozCOzv,+46 (501) 303-6248,5108752501007633
htrewhittib,tsayseib@stumbleupon.com,yi860G5,+62 (511) 325-6800,3533547397153982
vqueenboroughic,khadnyic@webeden.co.uk,APeiUatN,+58 (421) 717-4559,3572703084069260
wlangthorneid,svezeyid@behance.net,ettiBVm,+57 (568) 210-2815,30546704002449
fphinie,cleathesie@istockphoto.com,Cw8l4MZZfx5V,+66 (475) 348-7876,5602244262758563
gallanif,atintonif@pagesperso-orange.fr,yEuPcC35lU,+420 (671) 205-0097,3567098769427637
jdurningig,agrimsdikeig@tripadvisor.com,uvExlWvkX6,+48 (978) 479-2687,5100135844824666
mwapleih,cgreenhowih@nymag.com,1lw4wKpDafE8,,
charmesii,pharbottleii@microsoft.com,uHmqnCogJR,+20 (742) 967-8403,5641828848799050040
hrylattij,ebrinsfordij@mtv.com,Vb70W4WI,+53 (248) 549-1753,5108754295423307
gkauffmanik,bbouetteik@yandex.ru,QaahCKoS59wc,+7 (624) 835-5870,3575097949147982
zodroughtil,sarnholdil@posterous.com,g8psLwAu,+81 (558) 126-3047,4917131396757566
hfeigeim,dmoyneim@npr.org,HMZPBsC,+371 (445) 956-3110,4917641373027833
rwhitewoodin,mmartein@oaic.gov.au,OcaO3aSr,+55 (592) 414-7101,3571846098117624
tsorrelio,cmacshaneio@zdnet.com,RZ93E7j1jBb,+93 (419) 396-5406,3571527181673307
esutherbyip,bashingtonip@tiny.cc,3Hto8T,+63 (655) 306-0884,3573636320416888
kamphlettiq,kearlandiq@loc.gov,whW6hu,+86 (210) 527-4494,4913293780803028
mtiremanir,opowlandir@unc.edu,78NZQ4AHIOT,,
tgiffkinsis,jdalyielis@techcrunch.com,C1ciRN,,
etayntonit,lhaniganit@wikipedia.org,DMR6PWtZD,+48 (722) 474-2582,374283179943303
pbenesevichiu,dpinyoniu@fda.gov,tGIKvzKDGsx,+62 (266) 588-7704,490583159810215253
cnewbandiv,teuliv@miitbeian.gov.cn,gHIoP3Z,+62 (578) 246-7552,3564103135006587
aduttoniw,hstebbiniw@jigsy.com,Tn9YF0u,,
rbelfieldix,skohlerix@cbsnews.com,ksuInb,+55 (818) 810-0689,5602226153514759
frowselliy,rlouysiy@theglobeandmail.com,5UltgO,+86 (707) 934-4306,50182154005425798
akoberaiz,nhertwelliz@squarespace.com,tKbhVkK,+7 (159) 990-1898,3556309877712619
hdraudej0,ybaltrushaitisj0@twitter.com,CPb2iTKIg,,
acottej1,dtewkesberryj1@dailymail.co.uk,NRqKov0Zux,,
ddisburyj2,lwalcotj2@alexa.com,Mg0VGaGns,+63 (788) 235-0298,3575500545602474
ssywellj3,bhubbinsj3@howstuffworks.com,6YMnZxiMiZ,+7 (553) 309-4447,374622755422564
jbulfordj4,fcotmorej4@altervista.org,oFPfz2wzHOe,+33 (540) 579-3732,5451695793777137
aphupratej5,nmclarenj5@nih.gov,E6FfnFyH,+51 (920) 796-6575,4026014473586793
csurmeyersj6,groutj6@reuters.com,GaEDeziso,+268 (241) 341-1190,5602257662043555510
lbysouthj7,pfindleyj7@nsw.gov.au,IMBh1wp,,
sbolmannj8,mgenickej8@hugedomains.com,VlM5V2,+420 (843) 445-6611,4903700317402472
wcicchitelloj9,kbaudaccij9@google.es,pARvMR,+420 (981) 734-4637,5483111015782295
sbloomja,ccarabineja@yahoo.com,tdu37RgoryF0,,
skhilkovjb,bgrcicjb@europa.eu,PBLwnLbKN,+86 (566) 642-7216,56022236684085638
cjuleffjc,planderjc@tamu.edu,gzBVjObb2,+62 (416) 538-0728,3534922480203516
pnergerjd,nhalegarthjd@furl.net,pdT8KxNx,,
ecoucherje,njoddinsje@infoseek.co.jp,ZTEqX3u,,
glochranjf,aellcomejf@wufoo.com,QYVPoc,+56 (310) 899-3347,3557161735639552
dledingtonjg,fmoresidejg@mlb.com,EV4htozTDFG0,+7 (425) 150-2027,201876688790039
kcescottijh,mmulderrigjh@technorati.com,2iYEHQPzx,,
jscrimshawji,nbeartji@reference.com,f37Y6Ni0GD8,+55 (599) 917-2487,3554169611284180
ccaplisjj,epinckardjj@dion.ne.jp,VsxlAfPHS5,+353 (195) 206-5450,4041593089842410
hllewellenjk,dpetzjk@wp.com,aF114DJu,+47 (613) 171-8596,5602243314507655
sbisterfeldjl,ccoultasjl@shutterfly.com,UDvMjZy,,
mpowysjm,npeckhamjm@businessinsider.com,tKUwyo1jI9fM,,
jcominellojn,mkinnochjn@theguardian.com,jhAMvi,+55 (221) 322-6205,3532443251073519
ggammilljo,mboddisjo@bandcamp.com,3oDB64l,+7 (740) 378-2539,3534707950051796
kselcraigjp,mcallenderjp@biblegateway.com,jqhNK7CEhDnJ,,
lhandrockjq,cestickjq@java.com,BBaOBWr,+1 (410) 598-3362,3586149607708725
bkipplingjr,pclemensenjr@umn.edu,ExROnvhEg9jn,+504 (483) 222-6197,4911740203544896
srotherhamjs,clemaitrejs@cmu.edu,SUtJQG,+62 (393) 700-7334,3572334360676659
jlindgrenjt,glererjt@t-online.de,eIzc2c7cNHl,+7 (382) 447-4170,4175001079049424
kallgoodju,menstenju@netvibes.com,xdP4LTTkI1,+1 (583) 102-4326,3566049916312967
csaylejv,hgorgesjv@gizmodo.com,6u4afFpdnSRm,,
ldallemorejw,dthorneloejw@google.com.au,pTOgImyXwRb,,
dostridgejx,ggravetjx@tuttocitta.it,KRNVh4,+54 (392) 567-5898,3530611673108442
scrockenjy,clarcierejy@army.mil,6WF2V6hMkg7,+420 (193) 212-1467,36652021140260
hleebjz,dbintonjz@intel.com,9ugRjL8iimCP,+92 (277) 643-6211,4175009797639798
jhradskyk0,ynattrissk0@redcross.org,aW7U1GHXdw,+86 (246) 280-1108,6334154883279836845
rrobertisk1,rbosomworthk1@cnn.com,nG1pyJG,+998 (557) 386-1664,30071169155095
lrowenk2,edearlovek2@cnbc.com,6mUzSbY1,+856 (286) 763-9707,6334453584552025
dlambornek3,lweinek3@php.net,qX0VvWZHNFKX,,
tdraxfordk4,bbrowettk4@shop-pro.jp,jzdJP28cH,+82 (275) 289-9628,6759635448832058
bwrathallk5,otitek5@about.com,awVl8ZN3l,,
aroncellik6,rpoterk6@addtoany.com,VsNwakAaZLE1,,
tbollesk7,vcarluccik7@globo.com,TrSaUbpRq,+86 (274) 167-9283,3560117626139578
mfellmank8,pspeaksk8@163.com,vODOyr78Ps,+48 (500) 376-1913,5108754968963076
pbeechamk9,ichinnickk9@google.fr,RcXgbG4l,+62 (342) 756-2143,30574954909600
africhleyka,ofinleyka@quantcast.com,FT41zkqzBEM,,
lkalkhovenkb,smceachernkb@opensource.org,TNdkJO,,
pnorburykc,nlemonbykc@sitemeter.com,PGoKTlYs1c8T,,
fbutterwickkd,ishowerkd@soundcloud.com,1R1GmV,,
jlamkeke,mmillionske@accuweather.com,Q0zObjIz6,+30 (712) 913-7791,6333284390857469
dballancekf,hbrillemankf@typepad.com,O7f46a1dQl,+54 (933) 627-5720,3560237508725631
nnixkg,lstoddardkg@cbc.ca,DdcEH4x6m,+62 (943) 686-4965,3588912579641374
hculveykh,rrozierkh@google.pl,Py0WBWZnX,+63 (415) 701-7597,3545229185365146
jdooleki,amilchki@narod.ru,BhmJaa8EXT,+1 (914) 610-7024,30265419232361
harlidgekj,grottgerkj@opera.com,vWPmiG7,+880 (848) 382-6785,4405394401776505
lgasnollkk,cmunceykk@oakley.com,VfzqgWEzA4,+86 (238) 111-7542,3575652678619567
mflaunekl,rbearnskl@skyrock.com,L7wtlFLM6l,+963 (370) 835-4296,30415809543758
mtinemankm,rkinseykm@webnode.com,DUm0LnkUlV,+57 (220) 296-7798,3543459478975523
kbergenkn,gbalderstonkn@acquirethisname.com,oJsAYE,+1 (710) 620-7361,3580386999920395
bgreenshieldsko,dpapesko@go.com,RkhoAJ4rPK77,+58 (419) 829-5626,3577391492386222
efonteynekp,ihargreveskp@hexun.com,Xh2vBpF,+86 (667) 885-7699,3561192751219486
kmcnernkq,ghillyattkq@dagondesign.com,ExYvOr9,+967 (529) 808-1352,3559458417459749
azeplinkr,cknightsbridgekr@dropbox.com,pAnbLIk,+967 (938) 867-6526,3538006115109524
wjanoschekks,khallumsks@omniture.com,Y7HxbJzvkhe,+46 (415) 653-2930,36915450318941
gfacherkt,aberdalekt@w3.org,tVvVbtJpv41,+84 (851) 747-9736,3538177920067528
bbewshawku,jbarnetku@icq.com,fWwyeOC,+235 (806) 740-2323,3547201167411600
idougherkv,bscrynekv@geocities.com,vTs3vO7RPX7w,,
aregnardkw,bgaythwaitekw@yellowpages.com,ZONEmGqFPCn,+86 (742) 226-8625,3534686634368505
chellekerkx,chasslocherkx@digg.com,9Af8BpgMd2dS,+92 (510) 308-8727,201950054290211
charringky,adrysdaleky@godaddy.com,h0cRRi8903B,+66 (506) 583-8538,3544020577649267
cmaundkz,bnairnskz@answers.com,5Or2LNiHo8a,+352 (284) 503-5391,6767274423541706
knodel0,wgamill0@amazonaws.com,Z75GrBnq,+52 (979) 990-8425,4041592180762154
msavaryl1,nmorel1@list-manage.com,XQYIjxb3dZH2,+63 (761) 543-0949,5400169600042798
bdyballl2,ecoolbearl2@reference.com,wgw2cfnIs2Le,+46 (188) 917-5116,374622300416707
hschistll3,sjanatal3@apache.org,OX9CYMy,,
cgindghilll4,afluckerl4@miibeian.gov.cn,gJbp59queY,+1 (198) 444-9653,4175006438733667
kbrixeyl5,borrockl5@slideshare.net,H2cwP3kZbdF7,+86 (628) 680-7129,5602224703146539363
tmatleyl6,rscaddingl6@comcast.net,25d3tg,,
jguillainl7,malul7@latimes.com,x4N5KsUtVT,+86 (949) 721-8571,3561135868823948
rpoynerl8,clavall8@marketwatch.com,dgzxex,,
edydel9,kfearnyhoughl9@phoca.cz,GVmAocRv,,
gcooganla,odelaprellela@blog.com,6Noca2S5z,+86 (966) 218-1345,3535447807768107
jworglb,npirnielb@columbia.edu,z2u1O33,,
jgoginlc,kmeaderslc@vkontakte.ru,wbXe1DDn,+86 (735) 619-6881,5602218484184154
stebbittld,tonealld@usa.gov,ri6UnCOf,+7 (592) 367-9807,3579299535526993
bdefrainle,uroftle@rakuten.co.jp,t6gWF84a,+976 (642) 699-3034,30128654848434
wdrawmerlf,teilerlf@foxnews.com,iPr0icd,+7 (790) 500-1004,5002351653706428
cpaitonlg,nhaytonlg@si.edu,Md6LHFu,+52 (230) 103-3869,493616319725236266
mcrisalllh,gshinnlh@newsvine.com,ByFM2Nh,+86 (879) 255-4330,3563120481340668
kffrenchli,dshieldsli@blogspot.com,2Uq2qEUhLF,+420 (116) 755-1574,5610073744654466
fskewislj,orankinglj@delicious.com,KBFELDSTol78,,
jkuhwaldlk,ktregidolk@paginegialle.it,BocHVQ,+86 (565) 704-8468,56022128619521441
btathacottll,ghunsworthll@cloudflare.com,kCOwfGMQQ8up,+86 (939) 899-9713,3583278801416190
rbrakelm,kpummerylm@newsvine.com,Lx0tNa,,
aberteletln,rwhippleln@xinhuanet.com,4dxz27K07w2q,+1 (226) 164-7971,337941740018717
clouthelo,avermalo@cyberchimps.com,UV05f4qdSM,+62 (718) 402-0293,3556622356904303
cgirardylp,bgumblp@istockphoto.com,UU2OzEnJTW3L,,
ehentzerlq,lcollerdlq@dropbox.com,IdhF8tRR5y7,,
scoughlr,lmaclainelr@shop-pro.jp,BaqZZ9rlshg,,
khorneyls,ddaniellils@bing.com,h1D10bre,+502 (809) 785-5344,377682032195943
ccookleylt,tcoppenslt@so-net.ne.jp,17ExQ7b,+966 (454) 269-5376,3583657238016402
tgibbesonlu,abirtleylu@skype.com,upJU65tGDqU0,,
alowdwelllv,sstollmanlv@smugmug.com,FsKC6kSXt1,+86 (486) 668-0120,3562966316307285
ctommasettilw,adellalw@latimes.com,KXmbpM449J0,,
gwinspirelx,soduilleainlx@list-manage.com,l0ooMlEGgw,+62 (291) 921-1511,3561178307548544
sbondly,bmatuschekly@dailymotion.com,6tVJTlL4J,,
gbrosnanlz,lfrarylz@yolasite.com,mNkxkyTKq,,
mheathwoodm0,rkittredgem0@foxnews.com,5cakW4RmZv2,+46 (743) 208-3867,6706494326555097029
gespositom1,vdevuystm1@elegantthemes.com,fgx2es0,,
mholganm2,gtoquetm2@redcross.org,4DS3nKk3,+63 (524) 693-3386,5641825831573955
btidderm3,vstaningm3@macromedia.com,gs3j0D8IzA,+86 (953) 108-2938,3581760733389530
fverheydenm4,cbeggsm4@google.co.uk,oW5ijSbs,+86 (446) 349-8794,3542240391437614
cshyresm5,klarivem5@narod.ru,dCXHiIxiKb,,
bsergeanm6,tfussenm6@csmonitor.com,WQUFcILv5,+81 (308) 365-7951,5100170210042148
jholdforthm7,ngrolmannm7@furl.net,cNl2Be,+51 (225) 800-4402,6761601665898652429
shobbemam8,dthreadgouldm8@yahoo.co.jp,I2bUCSS,+62 (937) 493-6288,6709182245644106
otourniem9,lelsdonm9@hibu.com,QP0hfCU,,
jmillarma,epeddelma@harvard.edu,ojKEQtBjQR,+57 (968) 812-0352,3554636517024050
ldwightmb,gperchardmb@tuttocitta.it,WkagVg,+86 (392) 488-8248,3536654077083955
btimmesmc,sellsmc@moonfruit.com,s1WcxLuw21qQ,+54 (435) 220-8557,3581009214468623
wkingsnodmd,aparsleymd@ucoz.com,PpCiZvFoa6sh,+52 (111) 847-0421,30047818254166
nbeachamme,bspeightme@ebay.co.uk,jhGrTeRPU4AY,+55 (575) 564-6439,67620740678197393
bwypermf,dlindlmf@deliciousdays.com,jPigv0T,+351 (740) 215-4165,3539809930640436
ccordlemg,kdysonmg@cmu.edu,n3VkVHW72ItE,,
jlilleymanmh,supstonmh@house.gov,baAHU5l18,,
bdunbobinmi,gbroughtonmi@drupal.org,0RNhn7jRV,+52 (254) 426-3313,3556634974147397
emummerymj,nsibthorpmj@devhub.com,wNRLNuusfd5,,
kflorismk,hzanardiimk@tinyurl.com,68KnKgbTW,+84 (198) 671-3741,201656130174325
amatevushevml,rluxtonml@reddit.com,YNAPtl28k,,
rlumoxmm,ainfantemm@liveinternet.ru,UN0sRWt7Ca0n,+86 (463) 450-2166,4917240156193381
jhebardmn,bkorneichikmn@wufoo.com,d6zP1cE,,
bcrightonmo,mhalshomo@drupal.org,Bo8l9OdXEEfB,+86 (230) 723-2676,3582137139872162
dgippesmp,gentwislemp@mac.com,Op0OkWp,+54 (863) 622-8666,5549851947574391
ycouragemq,fblakelymq@sakura.ne.jp,PTiDY33L4nT,+86 (495) 402-0788,5602254655135949
skindredmr,jrollinsmr@odnoklassniki.ru,YT5ewS4,,
csleightms,cportwainems@gizmodo.com,0qezuT14zPiW,,
rdahlmt,jclemasmt@shutterfly.com,LcsGaZAlEog,+81 (457) 431-4958,3547859217301228
mcraigmilemu,bsteelmu@google.com.hk,V8fi9AHvW6z,+977 (128) 890-5879,6762943403086353773
mclausiusmv,btwelvetreemv@parallels.com,SkILXQvyG,+81 (303) 494-0689,6762357906403164672
mcudbymw,efennersmw@oaic.gov.au,iKjYuRRua8U,+356 (568) 471-8164,5007660254290169
ntorricellamx,pmonkmanmx@bravesites.com,Vo6wUaP1,+86 (807) 667-5028,5048376686943306
kohearmy,maudibertmy@admin.ch,PQtiDJlWQgp9,+81 (842) 735-5055,5108757727941846
dfootmz,maugarmz@icq.com,KYUZX96tk,,
awiddicomben0,hbrantln0@angelfire.com,cfzvhZe0v,+63 (221) 755-0959,30550642322869
iupstelln1,mlammerdingn1@ca.gov,ckIG2VopT,+62 (334) 556-3356,4936194240468753
hbasterfieldn2,jruselinn2@quantcast.com,MkP9H49U,+216 (415) 379-1543,3567891218571306
psharpern3,dmatzaitisn3@multiply.com,O0ceSyhSj,+351 (265) 835-3320,4508466386182721
ljedrychn4,jsancroftn4@utexas.edu,Yvn5fX,+351 (697) 520-8288,67625983123950074
fsherwynn5,cdenvern5@biglobe.ne.jp,a5MjkuHa,+380 (237) 554-3985,5602249008447959
blambournn6,dgoldspinkn6@smh.com.au,e9ZOzPpWOV,,
kgarnn7,kmarstonn7@thetimes.co.uk,uYPSRSWgtjwn,+86 (701) 154-1459,67099978139364721
fmelann8,mjinkinsonn8@joomla.org,Of3Wf8J5CPpI,+63 (828) 701-2348,676149513902749473
dgilhoolien9,bragglesn9@dion.ne.jp,4yQbGCoOg8,,
imuffettna,fgunbyna@xrea.com,UXUPeAdwwh5s,,
esandsallannb,kjoslinnb@theguardian.com,ahM1xIO,+358 (308) 418-6576,201916942448899
lswalowenc,eblazynskinc@ow.ly,J211h3YLA7l,+55 (540) 624-0110,3543741106984930
jwimpeynd,sdunnnd@booking.com,0pvpMmvVN,+374 (896) 703-4790,3557994565085276
bbabstne,iraddinne@techcrunch.com,6Prk0DkkZ8v,,
rcosynsnf,rgurrynf@economist.com,j0fXBex,,
scottomng,rmillgateng@csmonitor.com,z7F9K71pA,+56 (818) 411-3592,3587502208832477
reyresnh,eharkinnh@usda.gov,iYLNZQO9AXD0,,
jtwentymanni,eyesipovni@un.org,o1lcZyLk,+62 (207) 648-6742,6331106659094872974
cranklingnj,rwilkisonnj@ning.com,kLqWjBT4CN,+63 (499) 890-3969,5161438943383261
hnyenk,kfooternk@multiply.com,edU8m4,+1 (901) 271-1076,6381382568044935
pbecerilnl,lskitteralnl@foxnews.com,jBlg4Kcxp,+7 (540) 762-0733,5641828887975063062
tcrocenm,jkyngenm@livejournal.com,UMxG9pf,,
zschleswigholsteinnn,ktolcharnn@rakuten.co.jp,yzEJNJ8l8Z4,+63 (346) 307-8259,4913366023942603
kguerrino,smaidesno@wikispaces.com,01xR92t,+54 (516) 873-2909,3572825422378440
emedgwicknp,ikeelynp@bbb.org,yGX0mIAUnkfU,+46 (832) 453-6108,3551783292332770
cchafneynq,sscalianq@github.io,MfvY3I2,,
jmaleckynr,dgovinlocknr@angelfire.com,LQmbt5wawMWh,+351 (790) 165-0802,36537237565014
dshalesns,cwrightemns@uiuc.edu,Isp7Ps,,
rpiffordnt,ldoddnt@arstechnica.com,w0apR6,+30 (781) 621-5811,6390573815465225
hgrundnu,ncarlisinu@latimes.com,mWKQPQoG,,
sdunnenv,oformannv@salon.com,cscfPtn3r,+420 (594) 926-7103,374283526512231
mosculleynw,iglassmannw@hubpages.com,czwtc3uW,+233 (853) 173-9209,5406249271161442
aclaremontnx,awightnx@spiegel.de,ugAeLI,+7 (811) 170-2695,630454156839736530
oannesleyny,ilangelaanny@ocn.ne.jp,i44PMCvdL,+62 (422) 612-3192,3541126802612112
lmcneillienz,crolynz@census.gov,YpfqNK,+351 (549) 935-5862,5641828260522501
tcajklero0,lportrisso0@wired.com,GKKEE9tis,+216 (561) 179-3245,3580967397546302
mwaliszeko1,ajaggaro1@feedburner.com,rN9N2HegwSZ,+61 (673) 941-6856,5002359242908876
jlabbeyo2,mcrottyo2@devhub.com,x2kG0mAYXs,,
sbrasseuro3,ekirkamo3@intel.com,CnEnBIDu8ip,+386 (526) 251-6870,06044306655763833
eomullaneo4,pbuttingo4@symantec.com,6mbucnH,,
gmilehamo5,mhillborneo5@nih.gov,7e2UgZ,+46 (908) 721-2055,3576530365490592
ldawtryo6,csantorio6@yellowpages.com,kNNm7lmbe,+33 (522) 452-7414,3589422580096757
hhayloro7,asislando7@sohu.com,OcJXlr,+353 (580) 808-3405,5602211778505416
jhandleyo8,sedgesono8@chronoengine.com,acqgNNpM4H,,
jbuntono9,mstoyello9@mlb.com,C1cDDpDWWsb,+55 (855) 766-0840,6331108316898293505
kwarsapoa,lpeatoa@cnbc.com,nofiHn,+81 (322) 301-9666,56022146468403966
astoacleyob,dteasdaleob@e-recht24.de,SVyuNGOCl,,
cschubartoc,hkillockoc@examiner.com,pM6BpvxiB5r,,
lpoveleod,rlevingsod@oakley.com,fQfNc91zdB,,
rarrundaleoe,lderhamoe@unc.edu,pdyXbZzSbn,,
bclothierof,raltoftsof@yellowpages.com,pueH9gCcL,,
jlimmingog,lcokayneog@pcworld.com,0Mbe739DOfs,,
kboiseoh,rshearmeroh@businesswire.com,gRpkbGrJ,+98 (104) 757-6131,3582749298686348
djulloi,dshirlawoi@baidu.com,Z44qNE,+86 (337) 303-3699,3552837017987554
mradkioj,kantonuttioj@bbc.co.uk,3sq4bj2L,+237 (256) 612-6157,3543222159132263
voloughlinok,iklimschok@about.me,DIIHP6,,
mfernandezol,zalejandrool@skyrock.com,pipXbW,+48 (161) 533-5034,3528653706713628
lbiggsom,mirnisom@chron.com,y2nIGD7kw,+62 (365) 642-5392,5411601870499578
nworsfoldon,ageaneyon@economist.com,N67kko,+1 (571) 571-8383,633110071946434673
whindhaughoo,rprestoo@tripadvisor.com,qc5VFmQheT,+63 (912) 599-7001,3531033028992660
lpaolucciop,dodennehyop@about.com,0cZPm9Q8K4,+7 (929) 402-8819,6706246863396743461
shughesdonoq,jkuhleoq@pcworld.com,4g0Umc7a,,
lkeator,mdewickeor@paginegialle.it,21MvEkt7Syv,+48 (848) 513-1693,6334555192931507074
mpinchinos,cpartneros@tinypic.com,xllaaVhGB,+62 (719) 406-7357,3587906578087028
wchesmanot,gletixierot@sun.com,RBRuWLL7gSg,,
lpestridgeou,cbourtonou@goo.gl,Eo29Wd2AgNs,+52 (236) 124-5807,5010121117874165
jreddecliffeov,pgannawayov@nps.gov,4nu8Apqm,+53 (373) 868-5107,337941074796045
gnevittow,wbaylessow@narod.ru,tt24ELgtna,,
rrykertox,reglingtonox@rambler.ru,Gqtpzp,+86 (419) 910-9912,3577007702238140
cblagdenoy,plukianovichoy@yolasite.com,1418Unq,+62 (843) 905-5642,3543692561042567
ebeckensalloz,lbridglandoz@whitehouse.gov,V3tiKthv,+963 (235) 662-9596,0604250884903742
jandersonp0,avedyasovp0@people.com.cn,835RW2RCVlC,+86 (563) 519-1098,3583722997146806
tcarvillp1,sbattenp1@apple.com,0VTFMN7g,+86 (560) 776-2717,3564024387352042
hmirfieldp2,kvasilyevp2@discuz.net,HHoAOPII,,
hferaghp3,cmaciasp3@weibo.com,1ciEy7,,
amagarrellp4,esauntp4@gnu.org,oSC9QoOJr,+66 (653) 514-1749,3582582142964755
sdodingp5,bpischoffp5@latimes.com,BM49d1H8BJum,+55 (592) 528-5981,5007662053692769
kisworthp6,jgulstonp6@parallels.com,ZK51gBYaWTkI,+351 (123) 445-5931,6771778862640302
aianittellop7,cwolteringp7@yolasite.com,1qrgtxP,+81 (685) 734-5291,5100139953639261
gshottonp8,blefevrep8@ehow.com,pn0zOAT,,
dhearnesp9,sboeterp9@php.net,QtoJdyzGgCBo,,
brollingsonpa,dvolagepa@php.net,QMxAFQi4,,
nrizzillopb,celnorpb@google.de,i5ap8p5RmLZG,+351 (761) 440-5882,3550848006655138
hfieldpc,jaccombepc@rambler.ru,KrLlk0V6QYb,+351 (601) 868-9172,3573908583671834
bbeeckpd,adukespd@quantcast.com,7HkSUvUw95,+86 (518) 765-0639,3581326789859428
sfreegardpe,lkennsleype@infoseek.co.jp,F9HLI62cg8wz,+86 (602) 779-3597,5038209420399583982
owinckworthpf,ebenasikpf@scribd.com,AcTlyXW,+216 (386) 497-4931,5048373310034602
ujeenespg,escrivenpg@alexa.com,pyymKiFiQMvB,+33 (346) 573-5594,5590919773495664
eborerph,cgianinottiph@fema.gov,CHuKA0oQb15U,+255 (803) 505-9851,4913792502308679
jyerbypi,caymerichpi@amazon.co.jp,ThIJc1cMrpw,+86 (141) 425-4094,5602255727499239
pmoreypj,nkrauzepj@addtoany.com,r9iEeE,+92 (687) 825-5509,5537785496892909
mthewyspk,treinhardpk@vinaora.com,VrJhwztDqEse,+62 (100) 834-2465,374622323840537
pshoardpl,jwheelerpl@ox.ac.uk,SSQPOvLpXz,,
fmcsporrinpm,mwindowspm@nymag.com,B2CXP9bnJPhw,+1 (260) 606-6609,372301691684809
fgoodingspn,vtolanpn@cam.ac.uk,vGw4OoZw3Se,+381 (377) 522-4319,374288701665019
sbertotpo,tretallickpo@gov.uk,Ft8sdI,+62 (931) 981-0935,3531868822924967
apressmanpp,cbonnefinpp@buzzfeed.com,pRokk6En70,+86 (899) 452-9163,3563054950176107
shedditchpq,rkillingbackpq@va.gov,sngylsr,,
egoldispr,lchessonpr@msu.edu,6UKuSBRU,+62 (958) 572-1314,3543961812775238
mhugeps,sclemonps@netlog.com,CEmkx1xx,,
vcarruthpt,jgouthpt@shinystat.com,SoaGY107v,+63 (847) 976-3587,4917489516849386
mgoodleypu,lrenzinipu@cafepress.com,ySFr3F2,+48 (854) 366-9228,3562972840386894
abengtsonpv,ileatpv@theglobeandmail.com,yYrLOUD,+86 (620) 822-4916,3546158509307139
ahanbypw,ckelbiepw@myspace.com,WVTye6K,+1 (858) 268-4925,5007664462842233
thurdwellpx,adoblepx@shutterfly.com,6yzVxLy4,,
chayerspy,abradenpy@comsenz.com,u1T6sIYIIBkn,+386 (669) 815-0232,3585237287514116
jlandreanpz,jbowdenpz@newyorker.com,Vaw73p,,
mpilpovicq0,amarusicq0@sogou.com,3oUU4nX,,
thacquardq1,knoniq1@ebay.co.uk,KMp5zBgoyG,+1 (694) 397-8044,3557838900154497
cgrantq2,klettereseq2@theglobeandmail.com,IjiuyTX9TW3,+86 (240) 533-9610,5610727911237732
cmatesq3,ngabrieliq3@so-net.ne.jp,4OiODhQMFCc,+1 (404) 170-7669,5473190419845744
edobbinsonq4,skynclq4@theatlantic.com,WTOFxvbWf7,+385 (548) 487-6059,3587474482271261
cwalfordq5,sworgeq5@fda.gov,SUYpO2bMj95i,+27 (364) 267-6251,0604854065036725
rfarreq6,sbishq6@goodreads.com,dnaEmlUb9H,+373 (604) 503-5744,67713331671608467
gdumingoq7,mdwireq7@usgs.gov,qkLUv7O,+7 (723) 421-7473,3586642389476818
rdaviddeq8,smcswanq8@fda.gov,Hi6tN1l9lYr,+48 (560) 531-9504,5542813669216533
egallerq9,spulsterq9@bbc.co.uk,v4qpcB,,
jmorphetqa,rmaddoxqa@tripod.com,jsfdDmO,+380 (258) 257-9322,6304350386278952915
mfarfootqb,adrewsqb@chron.com,C8W1e2La3,,
dpittawayqc,ccampanaqc@weibo.com,77gCxM4hLmk,,
twilkisonqd,dvinaqd@huffingtonpost.com,GuDLlvQ,+55 (266) 180-8396,3586694913940207
cmountqe,mbarclayqe@webnode.com,WXZh7O,+55 (558) 737-3433,5602218049774804
ftintonqf,mmedgewickqf@ask.com,POqyZK6NjRdC,+63 (443) 146-2071,30218185673177
dsalomonqg,mangierqg@google.es,B9lC0lFX3Izv,,
tkyleqh,cgrigautqh@theglobeandmail.com,Ze5wWbuFg,+212 (955) 871-3030,3585917435940178
jkoppeqi,lonearyqi@tumblr.com,eopD7RUNUOu,,
csimlaqj,dfilbyqj@twitpic.com,gCS36UVxY2Di,+964 (359) 697-4122,30394368165602
fburtenshawqk,gsabaterqk@columbia.edu,Qz5lX4KYC,+1 (981) 533-7038,3528929289429463
jshadrackql,wyeliashevql@mayoclinic.com,1zSNGd,+1 (407) 115-0688,337941251084439
ibandqm,skanterqm@wikipedia.org,SAG7vy1ys,+976 (528) 638-7222,3553122534050445
istudmanqn,rbullochqn@freewebs.com,tV1h8nrS,+62 (896) 968-8385,491126155203751013
dhairesnapeqo,cstaddonqo@wisc.edu,cb0RZV81m,,
nstarieqp,lraincinqp@prlog.org,nTNKKQ2MwM,+94 (878) 233-6401,3570546876460458
mlorkinqq,somurtaghqq@tumblr.com,Puzv9QnG0MpJ,+86 (187) 873-2427,5610155146720720
sfernezqr,tcaswallqr@eventbrite.com,bffjolKD,+260 (101) 722-4605,3575182796862584
mbugdellqs,vjannawayqs@cyberchimps.com,g0cBpz,+234 (986) 701-6003,30157095270767
avanoortqt,tgetshamqt@domainmarket.com,Rv6Un2rcP,+86 (215) 464-7261,63044840704865091
jwhitebrookqu,fchewterqu@globo.com,X6v3RRvQLSG0,+63 (781) 616-3819,5007667056471368
clawfullqv,bdurnillqv@newyorker.com,sJN5hSSdgTE,+86 (357) 281-1546,4175001741170434
kgeroldoqw,bradborneqw@unicef.org,KZzGw0I,+256 (109) 160-6636,3560165167961819
eanthonyqx,scathcartqx@ucsd.edu,kZ0rGCuX,+48 (607) 408-2177,3578311544522094
nmacqy,agodballqy@miibeian.gov.cn,6neAuwEvG2,,
zstrangewaysqz,ppaylerqz@typepad.com,cSSrzzU,,
edemangeonr0,gshobbrookr0@ameblo.jp,J4L3TF,,
pbruggerr1,ghullbrookr1@zdnet.com,Mv3Ivn,,
rromaynr2,ndineenr2@java.com,sxrUcnHSY,,
rbambroughr3,jdegouyr3@stumbleupon.com,6830YiYiXXKb,,
fgiamor4,zdifilippor4@time.com,N6MQcAZU,+48 (913) 360-3702,5475684170427609
fbarkworthr5,dfirmagerr5@salon.com,l6aLBaNV,,
amcgannonr6,kacuttr6@mapy.cz,AG1oK89V,+86 (866) 127-8283,3562249347285485
hguerrinr7,upearcer7@opensource.org,9hSN38X2Q,+7 (968) 193-1392,372301348653025
gjerschker8,lfunnellr8@marketwatch.com,LoWw6vGhwzA,+1 (344) 706-8448,3586580048467150
areedersr9,jcapstaffr9@soundcloud.com,Ka9OgUcoFx,+27 (714) 609-7512,5602246232197285
jocassidyra,khusonra@drupal.org,EkLSWDDWL,,
jlangstrathrb,clabonerb@chron.com,BFF7Ge,,
vkoppensrc,maureliusrc@nih.gov,ElJvlFWjJfCv,+256 (849) 509-7545,3554495006684035
kclayhillrd,mmurtellrd@blogger.com,VrfKSG7DFI,+55 (762) 159-4496,4480005788096
sbamblettre,mcruikshankre@theguardian.com,5VyWCJsD,,
ubedburrowrf,jhazeldenerf@ted.com,o6TidWF1Br,+86 (696) 871-8630,4844667970826051
awoodersonrg,acolleyrg@google.com.hk,MC5Chd64Me,,
htewnionrh,cjoslowrh@discovery.com,c4MxG5g,+358 (894) 118-5265,201950512044390
rrollandri,gweskerri@pagesperso-orange.fr,UhIx8S2,+54 (708) 484-7016,3573625745055082
astrathmanrj,jkhilkovrj@cnn.com,eTnIVlvj,+47 (898) 896-9199,3551124410933019
npappinrk,alambirdrk@webs.com,DQm2Fmne,+351 (373) 852-3499,3562880776788696
mreedyhoughrl,hcradockrl@bizjournals.com,vdTuA0CTf,,
bgaytorrm,mmeriottrm@typepad.com,G5N6geLN4,+7 (224) 856-8318,201712324693453
lfosherrn,dsemblern@ox.ac.uk,leNdQSbyV6e,+351 (762) 524-2239,491120836535309366
btarrierro,wsybbero@ocn.ne.jp,eE9vlC6gZ,+34 (593) 352-2173,3563503970635484
hfifootrp,bobruenrp@examiner.com,zrRC9KHW,+94 (963) 918-6255,4026545938365349
mbollamrq,mgehrtsrq@dell.com,QJl8slgU9t,+62 (699) 714-5401,3570407012031077
egirlingrr,dshoubridgerr@pcworld.com,PGrInzw,+63 (195) 862-7790,3581665935755224
